customer_id,loan_id,name,age,state,income_bracket,credit_score_band,score,grade,term_months,origination_date,apr,loan_amount,sheduled_payments,scheduled_payments,vintage_month
c2a7af9e-ab79-4005-add1-77d2c700d84c,L1001,Christopher Miller,99,Maine,90k+,Very Good,778,A,36,2023-05-03,0.075,26000,808.76,808.76,2023-05-01
101cd468-5a5c-4689-a4c3-8c4119613698,L1002,Jason Nguyen,32,Texas,60k-90k,Excellent,805,A,36,2023-09-14,0.075,13500,419.93,419.93,2023-09-01
fa900d46-88e1-4883-aa6f-30c077c8cd55,L1003,Michael Monroe,21,Rhode Island,<30k,Good,706,C,36,2024-09-26,0.139,20500,699.65,699.65,2024-09-01
38c92c57-215c-48da-affe-6666fa72766d,L1004,Jennifer Martin,53,Oklahoma,90k+,Good,726,B,36,2024-01-29,0.105,26500,861.31,861.31,2024-01-01
ade19b1a-5d3e-438b-bd9e-f14dabd69cb9,L1005,David Snyder,49,Hawaii,30k-60k,Very Good,764,A,36,2024-07-23,0.075,8000,248.85,248.85,2024-07-01
ade19b1a-5d3e-438b-bd9e-f14dabd69cb9,L1006,David Snyder,49,Hawaii,30k-60k,Very Good,764,A,36,2023-03-24,0.075,24500,762.1,762.1,2023-03-01
ae54d496-33f8-4baf-bb05-a81d7d24563a,L1007,Donald Waller,46,Idaho,60k-90k,Fair,630,E,36,2024-01-10,0.221,33000,1261.99,1261.99,2024-01-01
ae54d496-33f8-4baf-bb05-a81d7d24563a,L1008,Donald Waller,46,Idaho,60k-90k,Fair,630,E,36,2024-07-26,0.221,6500,248.57,248.57,2024-07-01
cc5604a3-3a48-4fd2-9dd1-8982aa8bfa01,L1009,Justin Johnson,35,Alaska,30k-60k,Poor,315,G,36,2024-05-01,0.298,29500,1249.09,1249.09,2024-05-01
adb4bded-0a6c-4878-aedc-6fd57543afab,L1010,Kristen Chen,31,Mississippi,30k-60k,Excellent,830,A,36,2023-03-22,0.075,13500,419.93,419.93,2023-03-01
adb4bded-0a6c-4878-aedc-6fd57543afab,L1011,Kristen Chen,31,Mississippi,30k-60k,Excellent,830,A,36,2024-02-17,0.075,10000,311.06,311.06,2024-02-01
248a141c-7ccb-4b72-bfcb-60e4f96b0e5c,L1012,Eric White,87,Texas,30k-60k,Fair,600,F,36,2024-03-12,0.262,3500,141.39,141.39,2024-03-01
b5d23309-b6d2-490d-bd9f-0e25762c5366,L1013,Regina Williams,29,Oklahoma,30k-60k,Excellent,834,A,36,2023-06-12,0.075,13500,419.93,419.93,2023-06-01
33756584-e354-4be7-b108-27306a6d28ec,L1014,Samantha Blair,93,New York,<30k,Very Good,754,B,36,2023-12-14,0.105,2500,81.26,81.26,2023-12-01
892a486a-d560-4aa5-83d6-543d05f68f2f,L1015,Ryan Harrington,72,Virginia,<30k,Very Good,748,B,36,2023-08-08,0.105,40000,1300.1,1300.1,2023-08-01
892a486a-d560-4aa5-83d6-543d05f68f2f,L1016,Ryan Harrington,72,Virginia,<30k,Very Good,748,B,36,2024-01-23,0.105,16500,536.29,536.29,2024-01-01
c55f009f-cfbd-4409-b775-537d77ef456c,L1017,Denise Peters,22,Washington,60k-90k,Good,720,B,36,2023-02-23,0.105,33000,1072.58,1072.58,2023-02-01
8b65edca-fbab-4e12-b7d9-599af21248b3,L1018,Michele Blake,21,Oregon,60k-90k,Excellent,850,A,36,2024-11-08,0.075,26500,824.31,824.31,2024-11-01
b45697ce-b2db-4a99-a602-6f9d2d1a44aa,L1019,Katherine Stanton,29,North Carolina,<30k,Good,739,B,36,2023-03-07,0.105,5000,162.51,162.51,2023-03-01
49342bb1-2907-4b45-808e-57181bddf7cb,L1020,Bonnie Johnson,45,Connecticut,<30k,Very Good,758,B,36,2024-05-06,0.105,36500,1186.34,1186.34,2024-05-01
d06d8b87-5066-4f5a-8044-030417c5b0ff,L1021,David Baldwin,47,Montana,90k+,Good,688,D,36,2024-07-28,0.178,21000,757.1,757.1,2024-07-01
41b87546-daa2-46b6-a2d3-da15043be119,L1022,Sara Smith,82,Massachusetts,90k+,Fair,618,F,36,2024-11-24,0.262,33500,1353.31,1353.31,2024-11-01
c50fc657-c7b1-42d0-84c2-070c4a8006eb,L1023,Devon Curtis,95,South Carolina,30k-60k,Very Good,783,A,36,2024-11-25,0.075,36000,1119.82,1119.82,2024-11-01
e847ba9e-31bf-47aa-9e7c-a35e8c500dae,L1024,Rebekah Melendez,21,Florida,90k+,Good,717,C,36,2024-03-09,0.139,30500,1040.94,1040.94,2024-03-01
fc601fee-51c7-4821-a190-d6804ac3053d,L1025,Stephanie Brown,89,Kansas,30k-60k,Fair,581,G,36,2023-11-10,0.298,2000,84.68,84.68,2023-11-01
5b73e18c-3b44-4674-ba64-5ffda899e4b0,L1026,Amanda Holmes,43,Michigan,<30k,Excellent,835,A,36,2024-10-23,0.075,3500,108.87,108.87,2024-10-01
ff92a26c-e534-4934-bc5c-c7d59e92fc89,L1027,Chad Rollins,87,Alaska,60k-90k,Good,688,D,36,2023-12-07,0.178,23000,829.2,829.2,2023-12-01
604596a7-4b36-4e6e-9ea4-b9b8de933d80,L1028,Elizabeth Rodriguez,71,Ohio,90k+,Good,685,D,36,2024-05-14,0.178,4500,162.23,162.23,2024-05-01
604596a7-4b36-4e6e-9ea4-b9b8de933d80,L1029,Elizabeth Rodriguez,71,Ohio,90k+,Good,685,D,36,2024-02-27,0.178,23000,829.2,829.2,2024-02-01
989dff47-7c27-42dc-9dc9-861c754ce90f,L1030,Tina Russell,46,Missouri,60k-90k,Fair,585,G,36,2023-03-03,0.298,4000,169.37,169.37,2023-03-01
f2f15dd0-5436-45b3-b89f-3c8047c7868c,L1031,Tracy Adams,75,Colorado,60k-90k,Good,670,D,36,2024-08-07,0.178,27500,991.43,991.43,2024-08-01
f2f15dd0-5436-45b3-b89f-3c8047c7868c,L1032,Tracy Adams,75,Colorado,60k-90k,Good,670,D,36,2023-12-13,0.178,8500,306.44,306.44,2023-12-01
0dfe17ff-030e-4567-b43c-9f0efbf74fab,L1033,Isaac Lopez,93,Kentucky,90k+,Good,720,B,36,2023-10-22,0.105,15000,487.54,487.54,2023-10-01
b65f2d6f-a6e7-4a88-b324-ba9424952502,L1034,Randy Rubio,53,Vermont,30k-60k,Very Good,774,A,36,2023-09-29,0.075,35500,1104.27,1104.27,2023-09-01
d13e6de5-4ac5-4b72-ba5c-66cc1332c0c4,L1035,Luis Turner,18,Florida,30k-60k,Fair,650,E,36,2024-07-22,0.221,31000,1185.51,1185.51,2024-07-01
dc002033-e95e-4a59-8670-026dcb1f142d,L1036,Natalie Mcgee,38,Tennessee,30k-60k,Excellent,805,A,36,2023-06-19,0.075,36000,1119.82,1119.82,2023-06-01
fbfa70a2-348d-4feb-a05a-ca135ed1fefa,L1037,Dustin Jackson,72,California,90k+,Excellent,819,A,36,2024-01-29,0.075,11000,342.17,342.17,2024-01-01
fbfa70a2-348d-4feb-a05a-ca135ed1fefa,L1038,Dustin Jackson,72,California,90k+,Excellent,819,A,36,2023-05-20,0.075,39000,1213.14,1213.14,2023-05-01
bfbccef6-a1ef-4fe0-a2e2-43fee14d028a,L1039,Jasmine Simmons,61,Missouri,30k-60k,Fair,606,F,36,2024-04-19,0.262,16500,666.55,666.55,2024-04-01
e709524e-54b2-49c6-9be9-721f80e65087,L1040,Michael Bryant,53,Montana,90k+,Very Good,787,A,36,2023-10-22,0.075,5500,171.08,171.08,2023-10-01
c2279e86-4adb-4c4d-964f-9f3f58ef37e4,L1041,Mary Burke,37,South Dakota,90k+,Excellent,847,A,36,2023-12-25,0.075,3500,108.87,108.87,2023-12-01
c2279e86-4adb-4c4d-964f-9f3f58ef37e4,L1042,Mary Burke,37,South Dakota,90k+,Excellent,847,A,36,2023-04-15,0.075,10500,326.62,326.62,2023-04-01
afb0d1b7-7a7b-4282-b1e2-1d9fc3f11606,L1043,Jon Chambers,45,New Hampshire,90k+,Good,714,C,36,2024-02-02,0.139,33000,1126.26,1126.26,2024-02-01
66272a7c-df1e-4c2a-a6d1-b6173397f360,L1044,Victor Castro,61,New Mexico,<30k,Very Good,753,B,36,2024-05-03,0.105,2000,65.0,65.0,2024-05-01
39a8f449-de18-4f95-92df-f0ebc15361bd,L1045,Matthew Hancock,31,Kentucky,30k-60k,Very Good,766,A,36,2023-01-16,0.075,32000,995.4,995.4,2023-01-01
4d2de388-3de0-4bb6-932e-61fbeeacc3e2,L1046,Amy Conner,29,Florida,90k+,Good,735,B,36,2023-04-05,0.105,4000,130.01,130.01,2023-04-01
4d2de388-3de0-4bb6-932e-61fbeeacc3e2,L1047,Amy Conner,29,Florida,90k+,Good,735,B,36,2024-01-17,0.105,17000,552.54,552.54,2024-01-01
ede9ddb4-c415-4ca7-8cc3-2965e477a285,L1048,Spencer Erickson,66,Montana,30k-60k,Good,688,D,36,2023-04-04,0.178,9500,342.5,342.5,2023-04-01
019d605e-52dc-4d00-8d1a-79096a28a505,L1049,Glenn Williams,30,Arizona,30k-60k,Fair,600,F,36,2024-04-24,0.262,2000,80.79,80.79,2024-04-01
019d605e-52dc-4d00-8d1a-79096a28a505,L1050,Glenn Williams,30,Arizona,30k-60k,Fair,600,F,36,2023-10-01,0.262,12500,504.97,504.97,2023-10-01
b4d447fe-9741-46db-a142-68298fb1b338,L1051,Sean Smith,63,West Virginia,30k-60k,Very Good,751,B,36,2024-12-23,0.105,4500,146.26,146.26,2024-12-01
b4d447fe-9741-46db-a142-68298fb1b338,L1052,Sean Smith,63,West Virginia,30k-60k,Very Good,751,B,36,2023-12-19,0.105,21000,682.55,682.55,2023-12-01
68717a91-7c77-4929-995f-946f2a63a214,L1053,Erik Graham,62,New Mexico,90k+,Very Good,754,B,36,2023-09-06,0.105,7500,243.77,243.77,2023-09-01
602476b2-77db-4f34-9dff-f3bbf2f315e3,L1054,Ronald Hayes,95,Idaho,30k-60k,Good,702,C,36,2023-08-28,0.139,31000,1058.0,1058.0,2023-08-01
0640e0f8-eb36-48c5-84ee-9e7865898626,L1055,Brandon Thomas,51,West Virginia,90k+,Very Good,752,B,36,2023-01-13,0.105,12000,390.03,390.03,2023-01-01
e5583409-f06f-4445-8c58-9eb6fc58a54c,L1056,Trevor Rodgers,23,Washington,90k+,Excellent,807,A,36,2023-11-29,0.075,39500,1228.7,1228.7,2023-11-01
33a1f47d-dc41-489f-8b38-4f860c31d139,L1057,Vincent Davis,76,Georgia,60k-90k,Poor,392,G,36,2024-11-13,0.298,5000,211.71,211.71,2024-11-01
33328aff-57f6-434a-9a78-c2143377bdba,L1058,Jennifer Russell,86,Colorado,<30k,Excellent,842,A,36,2024-11-06,0.075,8000,248.85,248.85,2024-11-01
130cd773-1931-4603-a408-4bb1e1eda9da,L1059,Gina Crawford,33,New York,90k+,Good,676,D,36,2024-06-19,0.178,8500,306.44,306.44,2024-06-01
fdaee43a-4487-4dc7-8c82-87fb221d7a3c,L1060,Paul Castro,66,New Mexico,<30k,Excellent,848,A,36,2024-12-07,0.075,33500,1042.06,1042.06,2024-12-01
1a31a469-5735-4196-8e9f-143f359587c6,L1061,Thomas Roberts,28,Utah,90k+,Excellent,835,A,36,2024-04-07,0.075,40000,1244.25,1244.25,2024-04-01
0d51e2bf-a1bc-41fc-b5da-ba2bba021818,L1062,Lisa Howell,88,Mississippi,30k-60k,Poor,536,G,36,2023-08-12,0.298,15500,656.3,656.3,2023-08-01
bf2128b1-c426-4258-a7af-f5ea28a5d9ee,L1063,Jennifer Smith,55,California,<30k,Excellent,841,A,36,2023-10-05,0.075,5000,155.53,155.53,2023-10-01
db90e2b4-9750-4a7f-9db4-cb95ec83c904,L1064,Johnny Turner,98,Nevada,90k+,Very Good,775,A,36,2024-04-26,0.075,14500,451.04,451.04,2024-04-01
478cd64b-7d1a-4627-95db-961e2b2521e9,L1065,Vincent Riley,97,Utah,<30k,Fair,589,G,36,2024-08-07,0.298,29000,1227.92,1227.92,2024-08-01
478cd64b-7d1a-4627-95db-961e2b2521e9,L1066,Vincent Riley,97,Utah,<30k,Fair,589,G,36,2024-08-06,0.298,23000,973.87,973.87,2024-08-01
4578d402-3758-44ae-b98c-b2b6b7e4c3fe,L1067,Michael Johns,64,Pennsylvania,90k+,Very Good,758,B,36,2024-11-07,0.105,27500,893.82,893.82,2024-11-01
051514b2-9ece-42cf-8421-460d9cb573a9,L1068,Deborah Banks,91,Florida,<30k,Excellent,842,A,36,2023-12-27,0.075,22000,684.34,684.34,2023-12-01
c35dc88e-24dc-4fd3-806a-5e5c3cce0e26,L1069,Stephen Hill,42,New York,<30k,Good,678,D,36,2024-04-17,0.178,9000,324.47,324.47,2024-04-01
c35dc88e-24dc-4fd3-806a-5e5c3cce0e26,L1070,Stephen Hill,42,New York,<30k,Good,678,D,36,2023-11-12,0.178,38500,1388.01,1388.01,2023-11-01
85ab217d-87d3-4ba0-9c60-739dc5afcf78,L1071,Colton Johnson PhD,26,South Carolina,90k+,Poor,428,G,36,2023-06-08,0.298,37000,1566.66,1566.66,2023-06-01
2af0afaa-7a57-43a3-bb84-f753704e25a8,L1072,Joshua Brewer,23,New Mexico,90k+,Good,682,D,36,2024-02-05,0.178,10000,360.52,360.52,2024-02-01
2af0afaa-7a57-43a3-bb84-f753704e25a8,L1073,Joshua Brewer,23,New Mexico,90k+,Good,682,D,36,2023-11-18,0.178,22000,793.15,793.15,2023-11-01
2af0afaa-7a57-43a3-bb84-f753704e25a8,L1074,Joshua Brewer,23,New Mexico,90k+,Good,682,D,36,2023-10-15,0.178,15000,540.78,540.78,2023-10-01
84b971c5-d63c-4dc0-83ac-901fc8bb2066,L1075,Duane Kaiser,47,Massachusetts,<30k,Very Good,752,B,36,2024-07-11,0.105,4000,130.01,130.01,2024-07-01
eea45581-c631-4617-b435-4bde6800b569,L1076,Andrew Pruitt,55,Ohio,90k+,Excellent,846,A,36,2024-11-15,0.075,40000,1244.25,1244.25,2024-11-01
d946205d-e065-446b-a73a-133600ccf33f,L1077,Shawn Weaver,28,Missouri,30k-60k,Good,732,B,36,2024-04-03,0.105,12500,406.28,406.28,2024-04-01
d946205d-e065-446b-a73a-133600ccf33f,L1078,Shawn Weaver,28,Missouri,30k-60k,Good,732,B,36,2024-07-30,0.105,23000,747.56,747.56,2024-07-01
753bea92-fb53-4b45-be22-8a53081c23ba,L1079,April Hill,47,California,60k-90k,Good,712,C,36,2024-01-14,0.139,5000,170.65,170.65,2024-01-01
0fe7682f-9b24-49d5-bf67-f820fec663ba,L1080,Pamela Alexander,30,Alabama,30k-60k,Very Good,762,A,36,2023-04-26,0.075,9000,279.96,279.96,2023-04-01
0fe7682f-9b24-49d5-bf67-f820fec663ba,L1081,Pamela Alexander,30,Alabama,30k-60k,Very Good,762,A,36,2024-06-04,0.075,19000,591.02,591.02,2024-06-01
6369850d-ad24-4a17-ac46-8a48e3a5709e,L1082,William Fletcher,66,New Hampshire,<30k,Very Good,748,B,36,2023-01-28,0.105,10500,341.28,341.28,2023-01-01
6369850d-ad24-4a17-ac46-8a48e3a5709e,L1083,William Fletcher,66,New Hampshire,<30k,Very Good,748,B,36,2023-04-26,0.105,28000,910.07,910.07,2023-04-01
7bc5705c-b348-4ec1-bf7e-d04b1192c751,L1084,Kevin Martin,53,Ohio,30k-60k,Excellent,842,A,36,2023-08-22,0.075,12000,373.27,373.27,2023-08-01
a361bce9-b7cb-467d-873f-df37ffceaa75,L1085,Richard Hayes,76,Maine,60k-90k,Fair,663,D,36,2023-06-30,0.178,25000,901.3,901.3,2023-06-01
a361bce9-b7cb-467d-873f-df37ffceaa75,L1086,Richard Hayes,76,Maine,60k-90k,Fair,663,D,36,2024-08-17,0.178,37500,1351.96,1351.96,2024-08-01
1af8c7e6-6c0e-4895-8628-d98737f6ec92,L1087,Rebecca Hicks,99,Minnesota,60k-90k,Very Good,755,B,36,2023-03-13,0.105,12000,390.03,390.03,2023-03-01
4aa7723c-cb69-4f10-a1e9-efe3ddc0069c,L1088,Christina Fernandez,64,Georgia,90k+,Good,682,D,36,2023-07-14,0.178,29500,1063.54,1063.54,2023-07-01
4aa7723c-cb69-4f10-a1e9-efe3ddc0069c,L1089,Christina Fernandez,64,Georgia,90k+,Good,682,D,36,2024-04-21,0.178,17000,612.89,612.89,2024-04-01
3af49a01-d216-46c5-9471-016f36d0cb69,L1090,Andrew White,38,Maine,60k-90k,Excellent,818,A,36,2023-11-17,0.075,39000,1213.14,1213.14,2023-11-01
3929be1b-0241-44ef-b900-0f2e56abe49c,L1091,Nathan Kelly,65,Wisconsin,90k+,Good,678,D,36,2024-06-30,0.178,3500,126.18,126.18,2024-06-01
c91f2ace-951c-400a-83ba-2a89ef282575,L1092,Thomas Miller,63,Maryland,30k-60k,Very Good,797,A,36,2024-06-05,0.075,9500,295.51,295.51,2024-06-01
09c72648-23bb-4d74-9ae2-d415bdf12ab1,L1093,Amy Dudley,44,Washington,60k-90k,Very Good,752,B,36,2023-06-25,0.105,7500,243.77,243.77,2023-06-01
7932b9d1-ec6f-4655-bff8-4b588b8e81c0,L1094,Austin Roberts,52,Washington,60k-90k,Very Good,760,A,36,2024-03-06,0.075,25500,793.21,793.21,2024-03-01
a609816c-f8ce-4202-9fc7-bf202685d24c,L1095,Dean Gonzalez,27,West Virginia,<30k,Poor,548,G,36,2024-07-28,0.298,11500,486.93,486.93,2024-07-01
b54fe25b-b9a4-484a-a715-fe009eda1246,L1096,Monica Scott,95,Vermont,60k-90k,Good,727,B,36,2023-07-11,0.105,2000,65.0,65.0,2023-07-01
b54fe25b-b9a4-484a-a715-fe009eda1246,L1097,Monica Scott,95,Vermont,60k-90k,Good,727,B,36,2024-07-07,0.105,33000,1072.58,1072.58,2024-07-01
6cb59dfb-c396-43c2-a0de-1876b10d81f4,L1098,Mark Glover,99,Maine,30k-60k,Good,712,C,36,2024-06-03,0.139,6500,221.84,221.84,2024-06-01
db140084-9a4e-450c-9a21-85543233f02c,L1099,Rachael Hernandez,39,Montana,<30k,Very Good,779,A,36,2024-04-26,0.075,1500,46.66,46.66,2024-04-01
412b8ff7-1baf-4539-97d1-34703c689ab1,L1100,Ricky Jones,86,Alabama,<30k,Fair,664,D,36,2023-10-05,0.178,1500,54.08,54.08,2023-10-01
523e94ff-e8f0-46b2-a6f4-51765016f15f,L1101,Scott Lopez,49,Ohio,90k+,Very Good,759,B,36,2024-04-29,0.105,13000,422.53,422.53,2024-04-01
6f03f699-7c41-482b-84ca-77b9f0d5b7a2,L1102,Daniel Byrd,38,New Hampshire,90k+,Very Good,784,A,36,2023-01-09,0.075,7000,217.74,217.74,2023-01-01
2441a2d1-2e62-443c-b6f0-32eb9dd2cb4a,L1103,Mary Weaver,77,California,60k-90k,Good,689,D,36,2024-08-23,0.178,40000,1442.09,1442.09,2024-08-01
6c6fd365-a54e-410d-bc98-3b844a4ddd78,L1104,Michele Dennis,66,Hawaii,<30k,Good,716,C,36,2023-02-25,0.139,19500,665.52,665.52,2023-02-01
42f7d3a6-c3d8-469e-9fe8-bc0d48f99229,L1105,Stephanie Hahn,52,North Carolina,<30k,Good,710,C,36,2023-01-16,0.139,28500,972.68,972.68,2023-01-01
42f7d3a6-c3d8-469e-9fe8-bc0d48f99229,L1106,Stephanie Hahn,52,North Carolina,<30k,Good,710,C,36,2024-01-09,0.139,32000,1092.13,1092.13,2024-01-01
a068231a-7335-4006-a11a-e9c6d31acfc7,L1107,Kayla Rogers,99,Louisiana,30k-60k,Good,724,B,36,2023-04-08,0.105,9500,308.77,308.77,2023-04-01
7a1a10bf-2b6d-4467-ac22-a53067bda9cd,L1108,Abigail Spence,89,Rhode Island,<30k,Fair,601,F,36,2023-08-10,0.262,14500,585.76,585.76,2023-08-01
dbcc0aff-d368-46be-837f-90e539e20eb3,L1109,Jeff Smith,46,Ohio,30k-60k,Excellent,800,A,36,2023-01-26,0.075,10500,326.62,326.62,2023-01-01
588a91fd-1366-48f6-881a-28b542a07953,L1110,Eugene Rodriguez,59,Minnesota,<30k,Good,710,C,36,2024-04-03,0.139,19000,648.45,648.45,2024-04-01
85e33c3c-ce1d-4d4c-8aaf-8117bcd611ac,L1111,Sherry Smith,25,Kentucky,30k-60k,Excellent,815,A,36,2024-12-09,0.075,35500,1104.27,1104.27,2024-12-01
2c794f1a-c14c-43f5-9781-6e1edb431f71,L1112,Jeffery Jackson,47,Rhode Island,30k-60k,Poor,413,G,36,2023-01-18,0.298,30500,1291.43,1291.43,2023-01-01
f750717a-7a8d-4d2d-be8e-b7de25294228,L1113,Laura Stevens,22,Maine,<30k,Good,725,B,36,2024-03-04,0.105,28000,910.07,910.07,2024-03-01
b09b38d6-81f8-4158-b318-02e270573815,L1114,Gail Singh,58,Minnesota,30k-60k,Good,705,C,36,2023-03-31,0.139,16500,563.13,563.13,2023-03-01
b09b38d6-81f8-4158-b318-02e270573815,L1115,Gail Singh,58,Minnesota,30k-60k,Good,705,C,36,2024-04-19,0.139,12500,426.61,426.61,2024-04-01
b09b38d6-81f8-4158-b318-02e270573815,L1116,Gail Singh,58,Minnesota,30k-60k,Good,705,C,36,2023-06-04,0.139,3500,119.45,119.45,2023-06-01
272c9a38-b036-4fc0-8abf-9ab0b44865cf,L1117,Jacob Long,69,South Dakota,60k-90k,Good,716,C,36,2024-10-02,0.139,13000,443.68,443.68,2024-10-01
31ac3205-f1cc-42b6-9492-ac6ab4af9aac,L1118,Dana Baker,52,New Hampshire,<30k,Good,687,D,36,2023-12-24,0.178,34000,1225.77,1225.77,2023-12-01
6c4ff21e-c62a-4b02-a01a-4788cdc74187,L1119,Larry Montgomery,26,Arkansas,<30k,Very Good,783,A,36,2023-09-20,0.075,7000,217.74,217.74,2023-09-01
4ff1bb99-d55b-44c6-8291-0c326cb301a8,L1120,Heather Lopez,45,Delaware,60k-90k,Very Good,786,A,36,2024-09-05,0.075,20500,637.68,637.68,2024-09-01
13971f7c-ae28-4a3f-b46e-f744f76402ab,L1121,Christina Rivera,90,Wyoming,30k-60k,Good,712,C,36,2023-02-01,0.139,24000,819.1,819.1,2023-02-01
ccc2addc-a9a8-4d89-a7f9-916316970914,L1122,Jerome Jordan,58,South Dakota,60k-90k,Good,731,B,36,2024-02-18,0.105,28500,926.32,926.32,2024-02-01
75977e2e-36ce-4032-8a38-0c8a84129807,L1123,Jennifer Roy,45,Missouri,30k-60k,Good,729,B,36,2024-04-06,0.105,1500,48.75,48.75,2024-04-01
8d05fee4-c779-4c50-a269-ff9b5fa22608,L1124,Dr. Jessica Hunter,81,Michigan,60k-90k,Very Good,768,A,36,2024-11-29,0.075,37500,1166.48,1166.48,2024-11-01
760db967-6910-4ebd-8529-bc10aa825c9b,L1125,Roy Gardner,68,Rhode Island,<30k,Good,715,C,36,2023-05-21,0.139,16500,563.13,563.13,2023-05-01
a07d19cf-bdbc-47cf-80b9-0bdeb23ef761,L1126,Andrew Giles,76,Missouri,60k-90k,Fair,619,F,36,2024-11-20,0.262,13500,545.36,545.36,2024-11-01
48b3dae4-e67f-457b-9271-3517727971f3,L1127,Debra Robertson,36,New Hampshire,30k-60k,Very Good,771,A,36,2023-09-27,0.075,8500,264.4,264.4,2023-09-01
3edbccc4-3065-4a08-893b-09c972ae65dd,L1128,Amber Gibson,51,Connecticut,60k-90k,Excellent,835,A,36,2024-05-29,0.075,35500,1104.27,1104.27,2024-05-01
104f4d88-c035-42d3-9d94-a9a9dd84f20e,L1129,Trevor Davis,35,Missouri,90k+,Excellent,806,A,36,2023-01-01,0.075,7500,233.3,233.3,2023-01-01
a5198798-cd61-4348-942f-e989b66375c6,L1130,Susan Watson,49,Maryland,30k-60k,Very Good,751,B,36,2024-08-18,0.105,24500,796.31,796.31,2024-08-01
a5198798-cd61-4348-942f-e989b66375c6,L1131,Susan Watson,49,Maryland,30k-60k,Very Good,751,B,36,2024-03-16,0.105,36500,1186.34,1186.34,2024-03-01
dc5b5943-0f45-4180-8871-a0fdd105585b,L1132,Lacey Hall,89,Alaska,30k-60k,Very Good,781,A,36,2024-08-11,0.075,34500,1073.16,1073.16,2024-08-01
211c86ef-c2a9-441e-a072-50b443b7d5f8,L1133,Mrs. Jo Myers,86,North Carolina,60k-90k,Very Good,778,A,36,2023-06-30,0.075,15500,482.15,482.15,2023-06-01
211c86ef-c2a9-441e-a072-50b443b7d5f8,L1134,Mrs. Jo Myers,86,North Carolina,60k-90k,Very Good,778,A,36,2023-10-18,0.075,31500,979.85,979.85,2023-10-01
fd9ae4a1-c08c-4777-8821-b4e007a89c28,L1135,Brian Ibarra,51,Ohio,<30k,Excellent,805,A,36,2023-02-10,0.075,14500,451.04,451.04,2023-02-01
a6ad522a-fa18-4f7b-b5af-49d53be20298,L1136,Joel Lynch DVM,92,Wisconsin,90k+,Good,705,C,36,2024-03-17,0.139,19000,648.45,648.45,2024-03-01
7f602a34-f97e-4d85-b810-eed28025f571,L1137,Kelly Krueger,72,Nebraska,90k+,Good,687,D,36,2024-02-04,0.178,4500,162.23,162.23,2024-02-01
b7e62884-f73f-474d-af52-b40f4b6bde03,L1138,Mr. Marc Blair Jr.,92,South Carolina,30k-60k,Excellent,834,A,36,2023-12-02,0.075,13500,419.93,419.93,2023-12-01
a310d282-136f-41f9-bdd7-78564fe8062a,L1139,Jennifer Moreno,69,Alabama,90k+,Good,695,C,36,2023-03-18,0.139,8500,290.1,290.1,2023-03-01
a006bb67-6fb1-43ed-a2ca-647d7e7c28a7,L1140,Shannon Soto,64,Illinois,60k-90k,Good,703,C,36,2024-05-20,0.139,11000,375.42,375.42,2024-05-01
a2f9d038-2032-4b32-bfa8-2e545c12cd34,L1141,Joseph Smith,46,Iowa,30k-60k,Excellent,846,A,36,2024-08-30,0.075,32000,995.4,995.4,2024-08-01
33c2d6b4-3528-4d0f-8d28-a1ebe09476c5,L1142,Tina Boyle,35,Michigan,30k-60k,Good,679,D,36,2023-07-01,0.178,33500,1207.75,1207.75,2023-07-01
f35bef6d-6a66-4a0f-b484-41286cd1bb8c,L1143,Gabriel Rubio,83,Maryland,90k+,Very Good,786,A,36,2024-02-12,0.075,12500,388.83,388.83,2024-02-01
463579b1-a85b-4e71-90b7-83d50b37b373,L1144,Erik Anderson,81,Nevada,90k+,Excellent,804,A,36,2024-11-23,0.075,11500,357.72,357.72,2024-11-01
1f604051-597b-4d82-b06a-21b93896ffc1,L1145,Ronnie Price,29,Ohio,<30k,Very Good,797,A,36,2024-02-11,0.075,4000,124.42,124.42,2024-02-01
e37855d2-6f4d-4860-a3b5-5ce38a9bfc2f,L1146,Jon Garcia,24,Vermont,30k-60k,Excellent,801,A,36,2023-06-05,0.075,4500,139.98,139.98,2023-06-01
e37855d2-6f4d-4860-a3b5-5ce38a9bfc2f,L1147,Jon Garcia,24,Vermont,30k-60k,Excellent,801,A,36,2023-01-27,0.075,25000,777.66,777.66,2023-01-01
e218ae9e-fdf1-4750-8026-587581fb7d77,L1148,Kathleen Sanders,32,Montana,30k-60k,Excellent,832,A,36,2024-12-13,0.075,19500,606.57,606.57,2024-12-01
27199ebf-f4d0-45fa-a854-96947db39bce,L1149,Tyler Ortiz,37,Oregon,30k-60k,Very Good,780,A,36,2023-09-05,0.075,14500,451.04,451.04,2023-09-01
27199ebf-f4d0-45fa-a854-96947db39bce,L1150,Tyler Ortiz,37,Oregon,30k-60k,Very Good,780,A,36,2024-03-31,0.075,29500,917.63,917.63,2024-03-01
27199ebf-f4d0-45fa-a854-96947db39bce,L1151,Tyler Ortiz,37,Oregon,30k-60k,Very Good,780,A,36,2023-06-10,0.075,17500,544.36,544.36,2023-06-01
e84f44f4-a20c-4979-9d64-1e1ada4fca96,L1152,Brittany Patterson,98,North Dakota,60k-90k,Very Good,741,B,36,2024-05-12,0.105,23000,747.56,747.56,2024-05-01
31de6d05-758d-4600-a7b3-95b51ded9672,L1153,Steven Hernandez,38,Vermont,<30k,Very Good,792,A,36,2023-12-11,0.075,30500,948.74,948.74,2023-12-01
31de6d05-758d-4600-a7b3-95b51ded9672,L1154,Steven Hernandez,38,Vermont,<30k,Very Good,792,A,36,2023-08-16,0.075,4000,124.42,124.42,2023-08-01
41627eca-aec0-4a19-ac59-5e1aa84ae3de,L1155,Benjamin Kim,72,Tennessee,90k+,Very Good,777,A,36,2023-02-25,0.075,8000,248.85,248.85,2023-02-01
41627eca-aec0-4a19-ac59-5e1aa84ae3de,L1156,Benjamin Kim,72,Tennessee,90k+,Very Good,777,A,36,2023-05-18,0.075,4500,139.98,139.98,2023-05-01
41627eca-aec0-4a19-ac59-5e1aa84ae3de,L1157,Benjamin Kim,72,Tennessee,90k+,Very Good,777,A,36,2024-07-21,0.075,36000,1119.82,1119.82,2024-07-01
558c04b7-71f8-44cc-82b1-b33d174cd20b,L1158,Rose Hamilton,94,Iowa,30k-60k,Very Good,777,A,36,2023-08-11,0.075,12500,388.83,388.83,2023-08-01
5a2bae54-07ab-4515-bd16-158b7cdc7cf2,L1159,Jessica Holloway,26,Alaska,<30k,Very Good,765,A,36,2023-08-14,0.075,11500,357.72,357.72,2023-08-01
d8abae30-e96d-49b8-8e34-eed97ce1f5ec,L1160,Richard Estrada,67,Missouri,90k+,Good,697,C,36,2023-08-29,0.139,3000,102.39,102.39,2023-08-01
6ad65bd3-621a-4f3c-aae3-e56528d3e754,L1161,Christopher Buchanan,66,Nevada,90k+,Excellent,802,A,36,2023-03-25,0.075,33000,1026.51,1026.51,2023-03-01
8a0321ba-8422-45f2-afb8-ed11387b9354,L1162,Stephanie Garcia,94,West Virginia,90k+,Fair,650,E,36,2023-03-11,0.221,34500,1319.36,1319.36,2023-03-01
fa9860b5-ab54-4a2a-a448-3cbfb7243d3c,L1163,Katherine Medina,77,Maryland,90k+,Excellent,816,A,36,2024-04-26,0.075,8500,264.4,264.4,2024-04-01
af03c9cb-b7b3-4e0f-9e53-c184218cce29,L1164,Robert Wilson,85,West Virginia,60k-90k,Excellent,834,A,36,2023-02-20,0.075,5500,171.08,171.08,2023-02-01
5e53b1b8-f148-4eeb-9e5c-1a8ca4898803,L1165,Jordan Savage,50,Mississippi,90k+,Good,739,B,36,2023-08-07,0.105,16500,536.29,536.29,2023-08-01
92f7eb1f-1854-4cda-83a2-c652a39b310b,L1166,Amanda Freeman,88,New Hampshire,90k+,Very Good,770,A,36,2024-08-22,0.075,30000,933.19,933.19,2024-08-01
3b8ab380-55e1-43b0-9f52-2e58b029b543,L1167,Emily Dunn,19,Iowa,90k+,Fair,663,D,36,2023-06-05,0.178,40000,1442.09,1442.09,2023-06-01
f7237e59-c698-4129-82d1-bf110aff7ccc,L1168,Michael Woods,32,Mississippi,<30k,Excellent,849,A,36,2023-11-28,0.075,39000,1213.14,1213.14,2023-11-01
f7237e59-c698-4129-82d1-bf110aff7ccc,L1169,Michael Woods,32,Mississippi,<30k,Excellent,849,A,36,2023-10-19,0.075,22500,699.89,699.89,2023-10-01
eee1cdf0-6f75-4530-90f1-f68c8da04a5f,L1170,Margaret Mathews,86,California,90k+,Good,689,D,36,2023-05-21,0.178,28500,1027.49,1027.49,2023-05-01
eee1cdf0-6f75-4530-90f1-f68c8da04a5f,L1171,Margaret Mathews,86,California,90k+,Good,689,D,36,2024-07-11,0.178,14000,504.73,504.73,2024-07-01
76460451-74a0-45cb-bf2e-db838f999008,L1172,Alicia Smith,52,Kansas,<30k,Very Good,763,A,36,2024-10-15,0.075,22500,699.89,699.89,2024-10-01
76460451-74a0-45cb-bf2e-db838f999008,L1173,Alicia Smith,52,Kansas,<30k,Very Good,763,A,36,2023-10-02,0.075,16000,497.7,497.7,2023-10-01
990efbe8-fc53-4213-80bd-5b2fc6b2145c,L1174,Jacob Summers,61,Alaska,<30k,Very Good,765,A,36,2023-10-13,0.075,8000,248.85,248.85,2023-10-01
990efbe8-fc53-4213-80bd-5b2fc6b2145c,L1175,Jacob Summers,61,Alaska,<30k,Very Good,765,A,36,2023-02-03,0.075,22500,699.89,699.89,2023-02-01
990efbe8-fc53-4213-80bd-5b2fc6b2145c,L1176,Jacob Summers,61,Alaska,<30k,Very Good,765,A,36,2024-01-29,0.075,16000,497.7,497.7,2024-01-01
b970e418-b9ce-491d-903f-1df35838a63a,L1177,Katherine Madden,32,Hawaii,30k-60k,Good,698,C,36,2024-05-28,0.139,7500,255.97,255.97,2024-05-01
2285af68-605e-417a-8955-cd6fe7b3465a,L1178,Douglas Davenport,55,Alabama,90k+,Excellent,849,A,36,2023-07-29,0.075,16500,513.25,513.25,2023-07-01
213c9f92-9fe0-4f15-8cb4-47a3e7f07673,L1179,Elizabeth Singh,73,Indiana,90k+,Good,707,C,36,2024-11-18,0.139,28000,955.61,955.61,2024-11-01
e10fd066-26f0-430f-803e-c1995030c3c9,L1180,Kevin Davis,38,Florida,60k-90k,Fair,597,G,36,2023-08-13,0.298,14000,592.79,592.79,2023-08-01
61bfb4e0-5aa7-47d3-9310-fdae08982307,L1181,Christopher Ferguson,76,Massachusetts,<30k,Fair,639,E,36,2024-03-26,0.221,25500,975.18,975.18,2024-03-01
b8676886-a73f-44e6-b6f7-35235bb5dbdd,L1182,Jane Mason,18,Kansas,<30k,Good,734,B,36,2023-05-18,0.105,15500,503.79,503.79,2023-05-01
e6930f91-a505-476b-bff9-661391b84287,L1183,Hannah Blankenship,51,North Dakota,60k-90k,Very Good,772,A,36,2024-11-22,0.075,6000,186.64,186.64,2024-11-01
597548e0-a09e-489f-bac9-85ada1f33474,L1184,Charles Nguyen,82,North Carolina,<30k,Very Good,745,B,36,2023-01-24,0.105,32000,1040.08,1040.08,2023-01-01
84b067b6-7a2a-479f-ab32-2132fcc106f3,L1185,Mark Jones,40,Wisconsin,90k+,Very Good,765,A,36,2023-10-01,0.075,39500,1228.7,1228.7,2023-10-01
2ad38c03-2e9c-4bb0-969b-12a10e99d0d9,L1186,Timothy Miller,82,New York,<30k,Good,716,C,36,2024-03-09,0.139,32500,1109.2,1109.2,2024-03-01
2ad38c03-2e9c-4bb0-969b-12a10e99d0d9,L1187,Timothy Miller,82,New York,<30k,Good,716,C,36,2024-08-24,0.139,4500,153.58,153.58,2024-08-01
2e073c52-bb66-493a-8a90-daaf38fac39d,L1188,Audrey Mcclure,31,Ohio,30k-60k,Poor,557,G,36,2024-06-28,0.298,29500,1249.09,1249.09,2024-06-01
b91da25f-feb4-46ba-981c-099147c960b2,L1189,Kaylee Stevens,98,North Dakota,<30k,Good,671,D,36,2024-02-25,0.178,10500,378.55,378.55,2024-02-01
3ac1cb04-d022-4462-88ef-ea5cc431cf4a,L1190,Jason Johnson,56,Kansas,90k+,Poor,422,G,36,2023-05-01,0.298,15000,635.13,635.13,2023-05-01
3ac1cb04-d022-4462-88ef-ea5cc431cf4a,L1191,Jason Johnson,56,Kansas,90k+,Poor,422,G,36,2024-05-03,0.298,31000,1312.61,1312.61,2024-05-01
38bc0587-8f43-44cf-b9b3-d6826ec2c7a9,L1192,Kenneth Stewart,99,South Carolina,30k-60k,Good,691,C,36,2024-05-05,0.139,12500,426.61,426.61,2024-05-01
38bc0587-8f43-44cf-b9b3-d6826ec2c7a9,L1193,Kenneth Stewart,99,South Carolina,30k-60k,Good,691,C,36,2024-02-03,0.139,26500,904.42,904.42,2024-02-01
5bae4ecd-db5c-4d97-87e1-16779be5ef3c,L1194,Andrew Miller,82,Nevada,30k-60k,Fair,645,E,36,2024-10-22,0.221,25500,975.18,975.18,2024-10-01
340483ab-975e-4325-87d4-5a88449c9422,L1195,Joseph Rose,95,North Carolina,<30k,Good,687,D,36,2024-03-18,0.178,10000,360.52,360.52,2024-03-01
1429212c-ff0c-4a41-a056-09fc9e623c9f,L1196,Nicholas Tran,43,Texas,90k+,Very Good,768,A,36,2023-01-25,0.075,31000,964.29,964.29,2023-01-01
a002f65b-cea9-4c54-9c8b-4301b57d80c4,L1197,Michael Robinson,37,Hawaii,90k+,Very Good,750,B,36,2023-05-18,0.105,13500,438.78,438.78,2023-05-01
25146671-5ef5-47e7-bcf4-8302c9fc19dd,L1198,Carol Foster,65,Maine,30k-60k,Fair,602,F,36,2023-09-21,0.262,24500,989.73,989.73,2023-09-01
52f641e8-93d2-411c-b5a2-2c55bccf5867,L1199,Emily Chandler,38,Maryland,60k-90k,Excellent,836,A,36,2023-01-10,0.075,18500,575.47,575.47,2023-01-01
cb7bd4c7-84c6-418b-9877-96b65e306c8b,L1200,Michael Bishop,87,New York,30k-60k,Excellent,836,A,36,2024-08-15,0.075,14500,451.04,451.04,2024-08-01
9f50bac2-c2d4-463f-b1d4-144ff69984fd,L1201,Julie Williams,85,Iowa,<30k,Good,688,D,36,2024-12-03,0.178,23000,829.2,829.2,2024-12-01
e1fe80b0-d398-4775-a7f5-44cb8694944e,L1202,Angela Mayer,18,Florida,90k+,Good,731,B,36,2023-02-20,0.105,9500,308.77,308.77,2023-02-01
d2ff4851-2ccf-43b6-96d2-d84d4f0ff8f3,L1203,Christopher Warren,94,Connecticut,90k+,Fair,625,F,36,2024-02-18,0.262,3000,121.19,121.19,2024-02-01
995caf88-e706-499d-9229-bb6ae4d0642d,L1204,Austin Gonzalez,59,Delaware,90k+,Fair,585,G,36,2023-05-10,0.298,38500,1630.17,1630.17,2023-05-01
4f1a657b-6909-42bc-90d3-37e9da48bc31,L1205,Brenda Lewis,80,Indiana,30k-60k,Very Good,754,B,36,2023-07-30,0.105,5000,162.51,162.51,2023-07-01
1b89ae79-837b-4c2e-bace-eab2d7264b00,L1206,Michael Oconnor,20,Delaware,90k+,Very Good,788,A,36,2024-09-14,0.075,19500,606.57,606.57,2024-09-01
9c30a1dd-e686-4785-8041-49bdfcfae7f0,L1207,Nicole Smith,32,North Carolina,90k+,Excellent,831,A,36,2023-08-03,0.075,10000,311.06,311.06,2023-08-01
9c30a1dd-e686-4785-8041-49bdfcfae7f0,L1208,Nicole Smith,32,North Carolina,90k+,Excellent,831,A,36,2024-03-31,0.075,8500,264.4,264.4,2024-03-01
9c30a1dd-e686-4785-8041-49bdfcfae7f0,L1209,Nicole Smith,32,North Carolina,90k+,Excellent,831,A,36,2023-01-06,0.075,31500,979.85,979.85,2023-01-01
a26b4dc8-18f8-4b8b-b9c1-5f14c953d0e6,L1210,John Cardenas,64,Wyoming,30k-60k,Good,699,C,36,2023-12-22,0.139,31000,1058.0,1058.0,2023-12-01
92b3f3ee-31f9-41e7-950f-c8fb5655d857,L1211,John Gilmore,57,Nebraska,<30k,Excellent,804,A,36,2024-10-16,0.075,28500,886.53,886.53,2024-10-01
c45258da-3a53-42d2-89b1-a67b57bd04b3,L1212,Louis Gillespie,48,West Virginia,90k+,Good,703,C,36,2024-04-17,0.139,12000,409.55,409.55,2024-04-01
83569a32-7be3-4433-ad0d-51957ed9887e,L1213,Ian Lynch,25,Idaho,<30k,Excellent,823,A,36,2023-04-06,0.075,23500,731.0,731.0,2023-04-01
eb803a4e-315c-452f-9530-c7f093b49f47,L1214,Patrick Wiley,48,Nevada,60k-90k,Good,699,C,36,2023-11-06,0.139,15500,529.0,529.0,2023-11-01
ccbe9315-8e7c-465c-8b4e-42befa17f8ee,L1215,Garrett Clay,90,Minnesota,60k-90k,Fair,585,G,36,2024-10-13,0.298,20500,868.01,868.01,2024-10-01
9fb879fc-2e9f-4288-90ca-c12b83ea58aa,L1216,Glenn Jones,28,Texas,30k-60k,Excellent,842,A,36,2024-04-06,0.075,11500,357.72,357.72,2024-04-01
4c570c65-db07-4077-aa8e-f25a31cc50dc,L1217,David Garcia,28,Pennsylvania,90k+,Excellent,813,A,36,2024-08-18,0.075,12000,373.27,373.27,2024-08-01
4c570c65-db07-4077-aa8e-f25a31cc50dc,L1218,David Garcia,28,Pennsylvania,90k+,Excellent,813,A,36,2023-06-25,0.075,39000,1213.14,1213.14,2023-06-01
32cccdf5-d11d-4700-89b0-885bc2cb8a78,L1219,Nicholas Valdez,80,Rhode Island,60k-90k,Fair,646,E,36,2023-09-05,0.221,37000,1414.96,1414.96,2023-09-01
d4f0aafe-1d3d-47b8-9700-9c5b18760c61,L1220,Randy Frey,26,Maine,<30k,Excellent,850,A,36,2023-06-23,0.075,16000,497.7,497.7,2023-06-01
c659b1e2-d18a-489b-b840-732eca9ace21,L1221,Timothy Rogers,86,Idaho,30k-60k,Fair,626,F,36,2023-01-16,0.262,6500,262.58,262.58,2023-01-01
8c12865a-ae4a-422f-a6f9-d04530af2902,L1222,Kenneth Rhodes,34,Pennsylvania,30k-60k,Excellent,824,A,36,2023-08-05,0.075,28000,870.97,870.97,2023-08-01
8c12865a-ae4a-422f-a6f9-d04530af2902,L1223,Kenneth Rhodes,34,Pennsylvania,30k-60k,Excellent,824,A,36,2023-01-21,0.075,35000,1088.72,1088.72,2023-01-01
9fe90c94-66a5-48dc-b1d2-4e561a087489,L1224,Patricia Estrada,34,New Jersey,<30k,Good,730,B,36,2023-12-30,0.105,33000,1072.58,1072.58,2023-12-01
f1144377-f93d-4ec4-8586-d4e14ca9db0d,L1225,Robert Gonzalez,78,Utah,30k-60k,Fair,638,E,36,2024-08-16,0.221,15000,573.63,573.63,2024-08-01
75fdf2c5-e59c-4b0a-ac99-ea1909f7cfe2,L1226,Sarah Marshall,88,Pennsylvania,60k-90k,Excellent,802,A,36,2023-03-13,0.075,40000,1244.25,1244.25,2023-03-01
20cdd425-16cb-4e26-af61-1df1890835da,L1227,John Walker,39,Alaska,30k-60k,Excellent,802,A,36,2024-01-20,0.075,32000,995.4,995.4,2024-01-01
a0c0a0e0-0bb8-464c-b774-5cfafc26b6e0,L1228,Christopher Luna,51,Georgia,30k-60k,Very Good,781,A,36,2023-07-12,0.075,31500,979.85,979.85,2023-07-01
67338a10-17d6-49ba-aa4d-25516cc323c0,L1229,Charles Bowman,85,Indiana,60k-90k,Excellent,820,A,36,2024-05-26,0.075,19500,606.57,606.57,2024-05-01
776825b7-1c15-4473-bceb-344ebb6869f6,L1230,Amanda Oneal,95,Arizona,30k-60k,Good,683,D,36,2024-12-26,0.178,2000,72.1,72.1,2024-12-01
80a4b9f0-bb61-4fcc-acdb-23e1393ca8f2,L1231,April Hicks,72,New Mexico,60k-90k,Very Good,785,A,36,2023-04-08,0.075,29000,902.08,902.08,2023-04-01
80a4b9f0-bb61-4fcc-acdb-23e1393ca8f2,L1232,April Hicks,72,New Mexico,60k-90k,Very Good,785,A,36,2024-11-15,0.075,17000,528.81,528.81,2024-11-01
3b1add53-e7f5-466b-bfe8-754158e267b6,L1233,Jose Moore,45,Arizona,30k-60k,Good,736,B,36,2023-06-26,0.105,17000,552.54,552.54,2023-06-01
5684a4e6-b6ac-4b66-8d18-06505509bd29,L1234,Hannah Foster,87,Georgia,60k-90k,Good,705,C,36,2024-05-18,0.139,22500,767.9,767.9,2024-05-01
831796d5-76bb-4d45-86d3-88b00a773699,L1235,Jasmine Blevins DVM,43,Oregon,90k+,Good,703,C,36,2024-03-13,0.139,29500,1006.81,1006.81,2024-03-01
7deeedf9-5541-431f-a3f6-793c012d628b,L1236,Beth Le,57,Massachusetts,30k-60k,Good,739,B,36,2023-12-02,0.105,39000,1267.6,1267.6,2023-12-01
297151d2-bb3c-4717-b97a-f1694b78a443,L1237,Richard Guerrero,69,West Virginia,60k-90k,Fair,652,E,36,2023-09-11,0.221,15500,592.75,592.75,2023-09-01
297151d2-bb3c-4717-b97a-f1694b78a443,L1238,Richard Guerrero,69,West Virginia,60k-90k,Fair,652,E,36,2024-12-30,0.221,40000,1529.69,1529.69,2024-12-01
2fd42ea6-b095-4a65-b2da-54f0739ca925,L1239,Cynthia Cole,65,California,60k-90k,Fair,602,F,36,2024-12-05,0.262,11000,444.37,444.37,2024-12-01
a2a3e7c3-892f-4ca2-a4c4-f43b0cf2a714,L1240,Amanda Barry,74,Virginia,60k-90k,Excellent,824,A,36,2024-04-11,0.075,38500,1197.59,1197.59,2024-04-01
f172d2e2-17f3-4edb-a0f8-de8c364784fa,L1241,Jose Gardner,84,South Carolina,30k-60k,Very Good,781,A,36,2023-12-26,0.075,1500,46.66,46.66,2023-12-01
f962a64f-7d53-4bea-a36a-3cc6b8fb41d9,L1242,Miguel Barajas,75,California,60k-90k,Poor,493,G,36,2023-06-09,0.298,28500,1206.75,1206.75,2023-06-01
c0866f98-b260-4379-8f3e-25e42b122744,L1243,Jessica Hardy,33,Montana,60k-90k,Very Good,763,A,36,2024-06-09,0.075,4000,124.42,124.42,2024-06-01
d2c14f19-3113-4fc2-af6f-c1e56bc1c59f,L1244,Jennifer Noble,49,North Dakota,<30k,Very Good,777,A,36,2023-08-12,0.075,3500,108.87,108.87,2023-08-01
b148b07c-66cf-40ba-bae5-d7b5dfc2a81c,L1245,Nicole Carrillo,46,Wisconsin,<30k,Excellent,841,A,36,2024-12-30,0.075,32000,995.4,995.4,2024-12-01
2cd273b8-bb80-4b38-85d3-42c3482c09b5,L1246,Chad Lewis MD,26,Nevada,<30k,Excellent,804,A,36,2024-02-13,0.075,34000,1057.61,1057.61,2024-02-01
351fd164-91db-4edf-ab47-ca04eeb9195d,L1247,Justin King,61,Idaho,90k+,Good,736,B,36,2024-05-11,0.105,3000,97.51,97.51,2024-05-01
39f2c9e6-1237-4e51-a55c-d279b7eeb688,L1248,Emma Miller,20,Alaska,<30k,Fair,612,F,36,2024-02-29,0.262,29000,1171.52,1171.52,2024-02-01
39f2c9e6-1237-4e51-a55c-d279b7eeb688,L1249,Emma Miller,20,Alaska,<30k,Fair,612,F,36,2024-12-27,0.262,36000,1454.3,1454.3,2024-12-01
48925bf5-8161-4cfd-a7bc-241721852349,L1250,Audrey Scott,93,Indiana,<30k,Very Good,764,A,36,2024-02-29,0.075,27000,839.87,839.87,2024-02-01
48925bf5-8161-4cfd-a7bc-241721852349,L1251,Audrey Scott,93,Indiana,<30k,Very Good,764,A,36,2023-04-15,0.075,32500,1010.95,1010.95,2023-04-01
21b38432-4f68-4df6-91e8-886caeb9bd28,L1252,Charles Moore,88,Connecticut,60k-90k,Good,698,C,36,2023-01-31,0.139,7500,255.97,255.97,2023-01-01
b88ee584-44c9-4e40-9082-aac63ebf62fc,L1253,Dr. Susan Moore,47,Wisconsin,30k-60k,Very Good,773,A,36,2024-03-17,0.075,30500,948.74,948.74,2024-03-01
02d02712-75ca-43f7-abfd-614c11f729ff,L1254,Scott Acosta,93,Pennsylvania,30k-60k,Excellent,825,A,36,2023-08-03,0.075,33500,1042.06,1042.06,2023-08-01
bcc2e653-a160-42f7-bd71-ddffa7c8cf17,L1255,Robert Torres,46,Alaska,90k+,Good,715,C,36,2023-07-16,0.139,17000,580.19,580.19,2023-07-01
aac124e4-7106-4aec-818c-99d55361f50e,L1256,Joshua Estes,18,Nebraska,60k-90k,Poor,476,G,36,2023-08-25,0.298,6500,275.22,275.22,2023-08-01
6fc5cf31-4b35-4951-add8-b40929338057,L1257,Michael Mcintosh DDS,27,Washington,60k-90k,Good,732,B,36,2023-10-03,0.105,37500,1218.84,1218.84,2023-10-01
f6eb77f5-c1ed-454e-9c7c-ecf07661818b,L1258,Nathaniel Hall,98,Illinois,60k-90k,Very Good,790,A,36,2023-03-18,0.075,2000,62.21,62.21,2023-03-01
f378e7d0-eab8-406f-b8fe-75c3b7bfb403,L1259,Brandon Walker,25,Illinois,60k-90k,Very Good,770,A,36,2023-05-07,0.075,27500,855.42,855.42,2023-05-01
f59843ab-09eb-4beb-980b-ea070b527e22,L1260,Shannon Chan,47,Rhode Island,90k+,Very Good,796,A,36,2023-02-06,0.075,15500,482.15,482.15,2023-02-01
8d445503-0c36-4a0e-b243-6b60c3b807a4,L1261,Julie Thomas,26,West Virginia,60k-90k,Fair,657,E,36,2024-10-17,0.221,9500,363.3,363.3,2024-10-01
1c357cb2-189d-48fe-94e7-a2edfa1594ed,L1262,Teresa Brown,22,Hawaii,90k+,Excellent,800,A,36,2023-06-04,0.075,24500,762.1,762.1,2023-06-01
151aeb36-3496-4053-9d31-a40d4f78afb8,L1263,Jose Wilson,60,Nebraska,60k-90k,Good,734,B,36,2024-02-03,0.105,20500,666.3,666.3,2024-02-01
c80266f3-1fda-4216-b1bf-d46075f6b473,L1264,William Mooney,27,Maryland,90k+,Excellent,808,A,36,2024-06-05,0.075,16500,513.25,513.25,2024-06-01
a0517c80-59ac-4a2f-9eb2-981b01111746,L1265,Julie Simpson,83,Oklahoma,30k-60k,Very Good,768,A,36,2024-08-17,0.075,7000,217.74,217.74,2024-08-01
7cb7f758-dbed-44a2-ae80-079336f734fb,L1266,Stephanie Garcia,48,Wisconsin,60k-90k,Very Good,750,B,36,2024-01-07,0.105,2000,65.0,65.0,2024-01-01
7cb7f758-dbed-44a2-ae80-079336f734fb,L1267,Stephanie Garcia,48,Wisconsin,60k-90k,Very Good,750,B,36,2024-03-30,0.105,32500,1056.33,1056.33,2024-03-01
493122f0-c271-43f4-aa3a-dadc6d207853,L1268,Jennifer Blanchard,53,Arizona,<30k,Very Good,754,B,36,2024-11-15,0.105,21000,682.55,682.55,2024-11-01
cd4df7b1-dd7c-4e93-a0fd-377d8d6abc56,L1269,Terri Clark,80,Kentucky,30k-60k,Excellent,804,A,36,2023-07-29,0.075,11500,357.72,357.72,2023-07-01
5cbb441e-03af-421f-85c1-ac0314b6b621,L1270,Jose Harvey,45,Georgia,<30k,Good,735,B,36,2023-10-08,0.105,31000,1007.58,1007.58,2023-10-01
5cbb441e-03af-421f-85c1-ac0314b6b621,L1271,Jose Harvey,45,Georgia,<30k,Good,735,B,36,2023-10-13,0.105,38500,1251.34,1251.34,2023-10-01
c91067ce-e9cb-42d9-aad1-4f83ad7ccf01,L1272,Courtney Lee,87,Wyoming,30k-60k,Excellent,841,A,36,2024-06-04,0.075,39000,1213.14,1213.14,2024-06-01
01e8d1c3-5805-48c2-b275-f46a56d70ac8,L1273,Raymond Kim,34,Delaware,90k+,Excellent,817,A,36,2024-02-18,0.075,2500,77.77,77.77,2024-02-01
468292e4-82e7-478d-87db-bed093761036,L1274,Kelly Martinez,91,Nebraska,30k-60k,Very Good,753,B,36,2024-04-10,0.105,31000,1007.58,1007.58,2024-04-01
6cb77588-0c85-4379-a7a9-cf73c0be3b8e,L1275,Andrew Smith,91,Massachusetts,90k+,Good,689,D,36,2023-04-14,0.178,31500,1135.64,1135.64,2023-04-01
c0159442-49dc-426b-8362-c461256b421b,L1276,Michael Allen,78,New Jersey,60k-90k,Good,693,C,36,2024-07-11,0.139,10000,341.29,341.29,2024-07-01
23bd48f1-646d-49f4-b616-4e3c3e78c2be,L1277,Sara Brown,49,Virginia,<30k,Very Good,750,B,36,2023-06-25,0.105,27500,893.82,893.82,2023-06-01
1afabbfb-cce4-4093-a7cb-0d96870b4fe7,L1278,Ann Bailey,78,Illinois,30k-60k,Very Good,763,A,36,2023-07-08,0.075,13000,404.38,404.38,2023-07-01
68b7305e-f3ff-420d-a9ea-a8063b4f7930,L1279,John Cannon,70,Georgia,90k+,Very Good,778,A,36,2023-03-09,0.075,25500,793.21,793.21,2023-03-01
07241866-4baa-445e-9198-5e82e2d36b0a,L1280,Victoria Jackson,42,Virginia,90k+,Fair,595,G,36,2024-07-01,0.298,31500,1333.78,1333.78,2024-07-01
de150dd2-dcef-44de-aac9-0c8cf1a71958,L1281,Megan Cunningham,30,Indiana,90k+,Very Good,782,A,36,2024-08-05,0.075,1000,31.11,31.11,2024-08-01
1e9df33f-7542-45a4-b012-1c2a1a1d64dc,L1282,Terry Mays,30,Ohio,<30k,Very Good,754,B,36,2023-05-23,0.105,5500,178.76,178.76,2023-05-01
88edfe17-e154-4ab1-a198-c63b664793c6,L1283,Jeffrey Savage,73,Rhode Island,<30k,Poor,512,G,36,2023-10-30,0.298,26000,1100.89,1100.89,2023-10-01
88edfe17-e154-4ab1-a198-c63b664793c6,L1284,Jeffrey Savage,73,Rhode Island,<30k,Poor,512,G,36,2024-05-10,0.298,23000,973.87,973.87,2024-05-01
c9711987-00fd-41d4-9670-f42dd79acdda,L1285,Christopher Wells,63,Maine,60k-90k,Good,712,C,36,2023-05-07,0.139,36000,1228.65,1228.65,2023-05-01
6a581992-e8d4-4d96-852e-f592ff99931a,L1286,Rodney Johnson,72,Wyoming,90k+,Very Good,786,A,36,2023-10-11,0.075,3000,93.32,93.32,2023-10-01
842dd30b-aea1-42ce-bcce-6400c8f9df60,L1287,Edward Osborne,70,Arkansas,<30k,Good,684,D,36,2024-06-25,0.178,20500,739.07,739.07,2024-06-01
842dd30b-aea1-42ce-bcce-6400c8f9df60,L1288,Edward Osborne,70,Arkansas,<30k,Good,684,D,36,2023-02-17,0.178,29000,1045.51,1045.51,2023-02-01
8ab79115-5ece-4e31-a3d1-8edc7ad88a58,L1289,Cindy Cox,77,Massachusetts,30k-60k,Very Good,770,A,36,2024-01-04,0.075,18500,575.47,575.47,2024-01-01
8ab79115-5ece-4e31-a3d1-8edc7ad88a58,L1290,Cindy Cox,77,Massachusetts,30k-60k,Very Good,770,A,36,2023-10-27,0.075,36500,1135.38,1135.38,2023-10-01
8ab79115-5ece-4e31-a3d1-8edc7ad88a58,L1291,Cindy Cox,77,Massachusetts,30k-60k,Very Good,770,A,36,2023-01-23,0.075,38500,1197.59,1197.59,2023-01-01
518366ca-c636-4b1f-b300-f7d051367eef,L1292,Nicole Coleman,24,North Carolina,90k+,Very Good,783,A,36,2023-11-07,0.075,14500,451.04,451.04,2023-11-01
3909fc11-0835-4408-b0cc-17f11e3a0129,L1293,Ashley Peterson,30,Utah,90k+,Good,731,B,36,2024-04-30,0.105,6500,211.27,211.27,2024-04-01
3909fc11-0835-4408-b0cc-17f11e3a0129,L1294,Ashley Peterson,30,Utah,90k+,Good,731,B,36,2024-05-23,0.105,23000,747.56,747.56,2024-05-01
3909fc11-0835-4408-b0cc-17f11e3a0129,L1295,Ashley Peterson,30,Utah,90k+,Good,731,B,36,2023-07-11,0.105,4500,146.26,146.26,2023-07-01
a809be2b-2352-418f-8c88-a6cb81d21666,L1296,Stephen Ayala,25,Hawaii,<30k,Good,731,B,36,2024-07-01,0.105,34500,1121.33,1121.33,2024-07-01
a809be2b-2352-418f-8c88-a6cb81d21666,L1297,Stephen Ayala,25,Hawaii,<30k,Good,731,B,36,2024-07-07,0.105,25000,812.56,812.56,2024-07-01
9075cc7c-83f6-4dad-9fdf-78b973e68857,L1298,Ross Sullivan,69,Washington,90k+,Fair,606,F,36,2023-11-19,0.262,4500,181.79,181.79,2023-11-01
d0eeb6fb-dca8-4faa-a5f0-c224e065818e,L1299,Stephen Fleming,61,South Carolina,60k-90k,Very Good,777,A,36,2024-11-18,0.075,8500,264.4,264.4,2024-11-01
068d1a6a-c78d-4688-9b17-48c8712f0eeb,L1300,Danny May,31,Massachusetts,60k-90k,Good,690,C,36,2023-01-09,0.139,26000,887.36,887.36,2023-01-01
0f27694b-5524-4abf-9b96-cd6f05afe56c,L1301,Kellie Smith,49,Alaska,90k+,Good,722,B,36,2024-12-07,0.105,25000,812.56,812.56,2024-12-01
530a6039-8268-4cad-af06-cebb3ab50d81,L1302,Marcus Walker,42,Alabama,<30k,Excellent,801,A,36,2023-11-02,0.075,31500,979.85,979.85,2023-11-01
9f2e3bb7-fc3e-4803-bb53-004ae2b7d5c4,L1303,Shannon Hendricks MD,42,Michigan,90k+,Fair,611,F,36,2023-04-15,0.262,3500,141.39,141.39,2023-04-01
da11130d-904b-489c-8f13-5621d423cd72,L1304,Richard Morris,86,Arkansas,90k+,Good,675,D,36,2024-06-09,0.178,25000,901.3,901.3,2024-06-01
8d63a4eb-8780-4053-835b-6ac309e6a8e3,L1305,Richard Williams,75,Wyoming,60k-90k,Fair,596,G,36,2023-05-14,0.298,25000,1058.55,1058.55,2023-05-01
8d63a4eb-8780-4053-835b-6ac309e6a8e3,L1306,Richard Williams,75,Wyoming,60k-90k,Fair,596,G,36,2023-06-07,0.298,12500,529.28,529.28,2023-06-01
8d63a4eb-8780-4053-835b-6ac309e6a8e3,L1307,Richard Williams,75,Wyoming,60k-90k,Fair,596,G,36,2024-05-13,0.298,37500,1587.83,1587.83,2024-05-01
940a0ac3-87a3-4f5f-819e-3119b7da3b0e,L1308,Lisa English,35,Wyoming,30k-60k,Good,690,C,36,2024-10-22,0.139,5500,187.71,187.71,2024-10-01
39f42eae-cad6-4418-9468-5d788ce7b311,L1309,Denise Price,72,Nebraska,90k+,Good,687,D,36,2023-03-20,0.178,37500,1351.96,1351.96,2023-03-01
17a520c0-41b8-4f8a-b280-1f0d92229fc5,L1310,Kenneth Martinez,41,Virginia,90k+,Very Good,780,A,36,2024-04-15,0.075,14500,451.04,451.04,2024-04-01
17a520c0-41b8-4f8a-b280-1f0d92229fc5,L1311,Kenneth Martinez,41,Virginia,90k+,Very Good,780,A,36,2024-04-11,0.075,10000,311.06,311.06,2024-04-01
f507119f-7b2e-484e-9fca-401d72c749c8,L1312,Ashley Williams,53,Kentucky,60k-90k,Good,735,B,36,2023-06-24,0.105,23000,747.56,747.56,2023-06-01
0a68704b-7f98-4b34-8e72-e2b808259bb3,L1313,Jenny Walker,77,Arizona,90k+,Good,675,D,36,2024-11-29,0.178,16500,594.86,594.86,2024-11-01
c232d3a2-d0eb-48bc-82cc-946378cdf916,L1314,Jeremy Reese,49,Kansas,<30k,Good,688,D,36,2023-02-12,0.178,36500,1315.9,1315.9,2023-02-01
3a3c24da-a25d-4712-98c6-93371be71f8c,L1315,Gary Costa,27,New Mexico,90k+,Fair,587,G,36,2024-05-20,0.298,8500,359.91,359.91,2024-05-01
383ed725-2d4e-45a6-99b7-1d6ae1f952b2,L1316,Natalie Guzman,74,Alaska,<30k,Good,691,C,36,2023-11-01,0.139,32500,1109.2,1109.2,2023-11-01
5865209d-7852-48a3-803c-33eb13b6183e,L1317,Sylvia Drake,88,Missouri,30k-60k,Good,703,C,36,2024-04-17,0.139,39000,1331.03,1331.03,2024-04-01
944ea4df-461d-414c-9917-48bc542d2c26,L1318,Wendy Soto,30,Texas,90k+,Very Good,799,A,36,2023-10-18,0.075,14500,451.04,451.04,2023-10-01
529a8bfc-d529-46b4-833c-00289393ca86,L1319,Danielle Serrano,24,Arizona,60k-90k,Excellent,811,A,36,2024-07-20,0.075,16000,497.7,497.7,2024-07-01
008d589b-c394-4144-9677-5e70c85d16a5,L1320,Brenda Hayes,87,Rhode Island,<30k,Fair,646,E,36,2024-08-18,0.221,22000,841.33,841.33,2024-08-01
ed59efaa-d862-4a4b-9980-d1eaa039ea7e,L1321,Eric Hall,19,New Jersey,30k-60k,Good,721,B,36,2023-09-24,0.105,24000,780.06,780.06,2023-09-01
5cbc5d69-ba5d-47df-94f2-130fdc5f7f30,L1322,Connie Kim,29,New Hampshire,<30k,Very Good,778,A,36,2024-08-24,0.075,18500,575.47,575.47,2024-08-01
5cbc5d69-ba5d-47df-94f2-130fdc5f7f30,L1323,Connie Kim,29,New Hampshire,<30k,Very Good,778,A,36,2024-06-28,0.075,34000,1057.61,1057.61,2024-06-01
4f29a7ac-53e5-447c-b54c-a6be5352431e,L1324,Michael Sanders,48,Connecticut,30k-60k,Poor,309,G,36,2024-08-18,0.298,28500,1206.75,1206.75,2024-08-01
6defc4cc-7d56-4962-b686-251d2d7500e3,L1325,Brittney Byrd,39,Texas,<30k,Fair,664,D,36,2023-11-16,0.178,19000,684.99,684.99,2023-11-01
ef48aff9-0348-47ec-b445-fd16aa1bb50d,L1326,Lisa Mcmahon,70,Iowa,<30k,Excellent,818,A,36,2024-01-02,0.075,4500,139.98,139.98,2024-01-01
cc4f19bc-6e36-4784-8134-a66fad7de6b6,L1327,Veronica Bullock,80,Massachusetts,30k-60k,Very Good,745,B,36,2023-07-04,0.105,5000,162.51,162.51,2023-07-01
4e947865-6c62-42a1-89b6-923578a66564,L1328,Teresa Thompson,79,Kentucky,30k-60k,Very Good,753,B,36,2024-10-05,0.105,25500,828.81,828.81,2024-10-01
029a02b8-9016-40f5-95ed-527ba19950b7,L1329,Benjamin Briggs,45,Kansas,60k-90k,Good,727,B,36,2023-08-19,0.105,23500,763.81,763.81,2023-08-01
029a02b8-9016-40f5-95ed-527ba19950b7,L1330,Benjamin Briggs,45,Kansas,60k-90k,Good,727,B,36,2024-07-09,0.105,30500,991.32,991.32,2024-07-01
029a02b8-9016-40f5-95ed-527ba19950b7,L1331,Benjamin Briggs,45,Kansas,60k-90k,Good,727,B,36,2023-06-07,0.105,33000,1072.58,1072.58,2023-06-01
3a15bb1a-4df4-445a-852b-1f832f20349c,L1332,Ronald Smith MD,69,Maryland,30k-60k,Good,730,B,36,2023-08-09,0.105,34000,1105.08,1105.08,2023-08-01
bd3d3176-b0a6-4a48-a6cc-c4f0b9d54e22,L1333,Patrick Smith,25,North Dakota,<30k,Excellent,830,A,36,2024-04-28,0.075,35500,1104.27,1104.27,2024-04-01
b5188e50-ea95-4990-ab49-e014cad93d74,L1334,Sarah Mueller,39,Oklahoma,60k-90k,Good,691,C,36,2023-12-31,0.139,9000,307.16,307.16,2023-12-01
0a8a57f0-8748-4380-88b4-337047adfbba,L1335,Jeremy Miller,66,Minnesota,60k-90k,Excellent,814,A,36,2023-07-22,0.075,32000,995.4,995.4,2023-07-01
40c86726-7ee4-4b1e-ab3c-a2e45cf7e176,L1336,Blake Rowe,18,Illinois,90k+,Good,722,B,36,2023-08-05,0.105,36000,1170.09,1170.09,2023-08-01
40c86726-7ee4-4b1e-ab3c-a2e45cf7e176,L1337,Blake Rowe,18,Illinois,90k+,Good,722,B,36,2023-05-26,0.105,36000,1170.09,1170.09,2023-05-01
f1a2d195-20c3-40f3-9558-82e132e2d1ba,L1338,Austin Miller,67,Connecticut,60k-90k,Fair,656,E,36,2024-04-05,0.221,20000,764.84,764.84,2024-04-01
56684ccc-f8a8-4092-b948-19ac1f5755f7,L1339,Carolyn Swanson,51,Kansas,30k-60k,Very Good,749,B,36,2023-01-12,0.105,30500,991.32,991.32,2023-01-01
578a9163-9296-439f-bc34-f4352db940bb,L1340,Ashley Murphy,76,North Dakota,60k-90k,Very Good,790,A,36,2023-03-12,0.075,25000,777.66,777.66,2023-03-01
8620ad1c-ff65-4437-bd8f-fbb9c1eeeb4e,L1341,Ashley Lewis,54,Kansas,<30k,Very Good,777,A,36,2024-01-20,0.075,5500,171.08,171.08,2024-01-01
726ff2ce-d89c-47a2-993b-dc14b9e1c50b,L1342,Melissa Myers,72,Mississippi,90k+,Excellent,849,A,36,2024-12-09,0.075,13500,419.93,419.93,2024-12-01
6c19acbf-6bcc-49ca-a81e-3b9846aed5b4,L1343,Curtis Carter,89,New Jersey,90k+,Very Good,751,B,36,2024-12-27,0.105,31000,1007.58,1007.58,2024-12-01
474fe597-0444-49d8-8eb1-e01e8f12395f,L1344,Aaron Smith,80,New York,30k-60k,Very Good,779,A,36,2024-02-14,0.075,6500,202.19,202.19,2024-02-01
b5143908-c34a-4516-9828-ece38a79b377,L1345,Mark Black,37,Florida,<30k,Good,735,B,36,2024-12-10,0.105,6500,211.27,211.27,2024-12-01
56abeb00-47db-47f0-91a8-69a25efd6cae,L1346,Kimberly Alvarez,42,Oregon,60k-90k,Good,703,C,36,2023-02-21,0.139,26500,904.42,904.42,2023-02-01
6d90c367-3bd7-435d-83d4-57564a1aead8,L1347,Kevin Marsh,55,Maryland,30k-60k,Good,691,C,36,2024-11-27,0.139,12500,426.61,426.61,2024-11-01
6d90c367-3bd7-435d-83d4-57564a1aead8,L1348,Kevin Marsh,55,Maryland,30k-60k,Good,691,C,36,2024-04-30,0.139,20000,682.58,682.58,2024-04-01
b0d0eca1-3791-403e-8f0c-2f54fda4ba33,L1349,Aaron Lutz,45,Hawaii,90k+,Good,713,C,36,2023-10-27,0.139,6000,204.77,204.77,2023-10-01
5f90fe22-7ed7-4e8a-a2b2-09128c25a5c3,L1350,Cynthia Jones,25,Delaware,30k-60k,Good,728,B,36,2024-05-31,0.105,8000,260.02,260.02,2024-05-01
e26c7e1f-0872-4572-8c9d-7e61bd63e39b,L1351,Eric Wilson,92,Arkansas,<30k,Very Good,778,A,36,2024-07-07,0.075,12000,373.27,373.27,2024-07-01
7b114850-6d26-492f-a8fa-547cfc02eb3b,L1352,Regina Guerrero,87,Utah,<30k,Good,678,D,36,2024-10-08,0.178,19000,684.99,684.99,2024-10-01
defe387d-2eeb-4561-b9d6-54a1ddcb330d,L1353,Tammy Hoffman,25,Vermont,60k-90k,Good,699,C,36,2023-11-17,0.139,8500,290.1,290.1,2023-11-01
73b69645-d482-4ee7-b855-5eb450fd9315,L1354,Thomas Robinson,58,California,60k-90k,Excellent,824,A,36,2023-01-18,0.075,10500,326.62,326.62,2023-01-01
73b69645-d482-4ee7-b855-5eb450fd9315,L1355,Thomas Robinson,58,California,60k-90k,Excellent,824,A,36,2024-02-18,0.075,33500,1042.06,1042.06,2024-02-01
a7bc6d37-89c3-4444-b42d-8b48f51a418f,L1356,Kimberly Cain,25,Washington,60k-90k,Good,719,C,36,2024-01-01,0.139,11000,375.42,375.42,2024-01-01
c4b7cb61-c9c1-4ad3-ab35-e84229fd4341,L1357,Jill Parker,24,Alaska,30k-60k,Excellent,808,A,36,2024-04-30,0.075,14500,451.04,451.04,2024-04-01
3366b8dc-3775-4b51-88e9-c41e874d5b98,L1358,Barry Rodriguez,92,New Mexico,60k-90k,Very Good,746,B,36,2024-08-24,0.105,35000,1137.59,1137.59,2024-08-01
b4dacce6-0afa-4ed3-9818-395640b2a647,L1359,Deanna Booker,79,South Carolina,30k-60k,Very Good,741,B,36,2023-10-16,0.105,2500,81.26,81.26,2023-10-01
7c4cce00-61b9-427f-9373-7ca62cfed733,L1360,Joshua Ellis,82,West Virginia,60k-90k,Good,695,C,36,2024-09-30,0.139,20000,682.58,682.58,2024-09-01
fe0b6c3f-8049-41e4-b95b-feceb1dbffaf,L1361,Rebecca Hardin,85,Pennsylvania,30k-60k,Good,736,B,36,2024-08-08,0.105,28500,926.32,926.32,2024-08-01
dde4d330-e88a-4c53-80bc-e1548964f865,L1362,Amber Mccann,38,Hawaii,90k+,Good,734,B,36,2024-05-08,0.105,36500,1186.34,1186.34,2024-05-01
dde4d330-e88a-4c53-80bc-e1548964f865,L1363,Amber Mccann,38,Hawaii,90k+,Good,734,B,36,2023-09-27,0.105,9500,308.77,308.77,2023-09-01
f06dceb2-c943-45dd-9e59-8e72695c34a3,L1364,Ms. Jasmine Warner MD,25,North Dakota,<30k,Poor,514,G,36,2024-05-07,0.298,32000,1354.95,1354.95,2024-05-01
a664aaac-faee-4874-9a3d-d6e9637b911e,L1365,Christopher Ramos,83,Idaho,60k-90k,Excellent,809,A,36,2023-11-09,0.075,23500,731.0,731.0,2023-11-01
a664aaac-faee-4874-9a3d-d6e9637b911e,L1366,Christopher Ramos,83,Idaho,60k-90k,Excellent,809,A,36,2024-11-04,0.075,28500,886.53,886.53,2024-11-01
e3e487c0-fcc2-40a2-80be-a936b6bd36f5,L1367,Kelsey Snyder,28,New Hampshire,90k+,Very Good,778,A,36,2023-10-01,0.075,30000,933.19,933.19,2023-10-01
a2d4b363-130e-4dc4-9c02-e456d07abb6f,L1368,Adam Kemp,41,Rhode Island,60k-90k,Poor,349,G,36,2023-11-06,0.298,2500,105.86,105.86,2023-11-01
f75115cc-3b7e-479b-bf39-6eec338dabef,L1369,Richard Soto,26,Maine,90k+,Very Good,751,B,36,2023-01-11,0.105,20000,650.05,650.05,2023-01-01
e4c45a5c-d441-42f8-ad17-2dae04c129fc,L1370,Patrick Smith,94,Nebraska,30k-60k,Very Good,770,A,36,2024-11-17,0.075,13500,419.93,419.93,2024-11-01
89291611-e4a3-474a-8472-5f0582df432f,L1371,Angel Baker,26,Colorado,90k+,Very Good,797,A,36,2023-04-15,0.075,5000,155.53,155.53,2023-04-01
89291611-e4a3-474a-8472-5f0582df432f,L1372,Angel Baker,26,Colorado,90k+,Very Good,797,A,36,2024-08-06,0.075,2500,77.77,77.77,2024-08-01
8950c9f8-a5ba-4e63-8ec9-06f62e751607,L1373,Jacqueline Collins,48,Pennsylvania,30k-60k,Good,674,D,36,2024-06-04,0.178,16000,576.83,576.83,2024-06-01
9a7d1e76-6650-45f5-b914-5774f0586109,L1374,Larry Rivera,69,Maryland,90k+,Fair,648,E,36,2023-08-28,0.221,35000,1338.48,1338.48,2023-08-01
f58490a0-76ed-4d53-836f-e01470bc4994,L1375,Lisa Phillips,33,Kentucky,30k-60k,Good,734,B,36,2024-08-22,0.105,23000,747.56,747.56,2024-08-01
59de96d0-1ec3-4026-81c3-9f96c61123ad,L1376,Michael Young,90,New Mexico,60k-90k,Very Good,788,A,36,2024-01-02,0.075,28000,870.97,870.97,2024-01-01
3f9fc59b-fec0-4543-ac41-f44166833ab7,L1377,Roberto Martin,49,California,30k-60k,Good,685,D,36,2023-08-29,0.178,39000,1406.03,1406.03,2023-08-01
3f9fc59b-fec0-4543-ac41-f44166833ab7,L1378,Roberto Martin,49,California,30k-60k,Good,685,D,36,2023-09-25,0.178,23500,847.23,847.23,2023-09-01
3f9fc59b-fec0-4543-ac41-f44166833ab7,L1379,Roberto Martin,49,California,30k-60k,Good,685,D,36,2023-03-31,0.178,22500,811.17,811.17,2023-03-01
39cc226b-d863-4712-9d6a-5f90cbd890ee,L1380,Christopher Lee,92,Oklahoma,30k-60k,Very Good,745,B,36,2023-12-06,0.105,33000,1072.58,1072.58,2023-12-01
c7252067-0ffb-41f5-a634-f0ff7274faf7,L1381,Alexandra Schmidt,94,Kansas,30k-60k,Excellent,830,A,36,2024-06-02,0.075,40000,1244.25,1244.25,2024-06-01
c7252067-0ffb-41f5-a634-f0ff7274faf7,L1382,Alexandra Schmidt,94,Kansas,30k-60k,Excellent,830,A,36,2024-03-01,0.075,35500,1104.27,1104.27,2024-03-01
1d9aa719-4b6a-4e21-9cb8-c451feb626ca,L1383,Jacob Carroll,23,Oregon,90k+,Good,686,D,36,2024-07-11,0.178,37000,1333.93,1333.93,2024-07-01
1601fd41-7c61-4ede-8424-f984bed20f4f,L1384,Lisa Parker,97,Illinois,60k-90k,Very Good,797,A,36,2024-07-28,0.075,30000,933.19,933.19,2024-07-01
1601fd41-7c61-4ede-8424-f984bed20f4f,L1385,Lisa Parker,97,Illinois,60k-90k,Very Good,797,A,36,2024-01-03,0.075,31000,964.29,964.29,2024-01-01
a5a59da2-34d1-4ff3-ae75-17179bad7a74,L1386,Linda Allison,28,California,30k-60k,Good,739,B,36,2023-02-17,0.105,21000,682.55,682.55,2023-02-01
1740071e-c867-4b4e-bffb-08adf9a6b31b,L1387,Daisy Richardson,71,Arizona,<30k,Very Good,792,A,36,2023-12-13,0.075,38000,1182.04,1182.04,2023-12-01
87c093d1-d0b8-4a08-a46c-33241cccd15d,L1388,Donna Abbott,92,Arkansas,<30k,Very Good,740,B,36,2024-12-30,0.105,9500,308.77,308.77,2024-12-01
55679986-ba83-46b6-8fae-0cc8b9500b6f,L1389,Michele Stevenson,90,Washington,30k-60k,Good,725,B,36,2023-04-28,0.105,21000,682.55,682.55,2023-04-01
d73bf58b-ba4a-4d21-b4b6-47491dd35c04,L1390,Kimberly Cox,84,Wisconsin,60k-90k,Very Good,773,A,36,2024-02-22,0.075,12500,388.83,388.83,2024-02-01
7bf13a0a-9865-4f42-85e2-7822e22d041a,L1391,Shannon Wilkinson,58,North Dakota,30k-60k,Good,723,B,36,2023-09-30,0.105,18000,585.04,585.04,2023-09-01
3ba3c6a7-98b7-4ed5-b8a1-fa6229051ece,L1392,Amanda Peterson,51,Maryland,<30k,Fair,627,F,36,2023-12-29,0.262,16000,646.36,646.36,2023-12-01
c11b7669-eec8-4efb-bcdb-229d834a1ccf,L1393,Martin Small,44,Oklahoma,<30k,Very Good,795,A,36,2024-09-13,0.075,32500,1010.95,1010.95,2024-09-01
c11b7669-eec8-4efb-bcdb-229d834a1ccf,L1394,Martin Small,44,Oklahoma,<30k,Very Good,795,A,36,2024-09-21,0.075,25500,793.21,793.21,2024-09-01
fca55acf-03d7-495c-91ad-33a303d519ae,L1395,Casey Brown,58,Maine,90k+,Fair,585,G,36,2023-03-10,0.298,20000,846.84,846.84,2023-03-01
715c5910-c455-40fa-b9dc-9e78ea8298e7,L1396,Jessica Sutton,48,Minnesota,60k-90k,Excellent,844,A,36,2024-11-22,0.075,4000,124.42,124.42,2024-11-01
84cb87a6-5853-4b93-b971-290edd2f74ff,L1397,Sheila Chandler,51,Illinois,60k-90k,Excellent,833,A,36,2024-01-03,0.075,10500,326.62,326.62,2024-01-01
4c6628e0-01ea-48da-9101-1e634bd0b657,L1398,George Hicks,68,Alaska,30k-60k,Excellent,827,A,36,2023-01-19,0.075,24000,746.55,746.55,2023-01-01
6af3f846-f133-4573-b0f4-0a4196ecc067,L1399,Ashley Gutierrez,34,Delaware,90k+,Very Good,754,B,36,2023-01-19,0.105,19500,633.8,633.8,2023-01-01
6af3f846-f133-4573-b0f4-0a4196ecc067,L1400,Ashley Gutierrez,34,Delaware,90k+,Very Good,754,B,36,2023-07-25,0.105,31000,1007.58,1007.58,2023-07-01
aba1f15b-9640-4021-853e-01cbdb19128d,L1401,Molly Collins,56,Kansas,90k+,Excellent,830,A,36,2023-07-15,0.075,12000,373.27,373.27,2023-07-01
3e593501-3c55-459f-9785-ae257a2d6b23,L1402,Peter Thompson,76,Tennessee,30k-60k,Fair,628,F,36,2023-01-26,0.262,11500,464.57,464.57,2023-01-01
1ed9e35b-293e-45c7-8f1d-404e384375c1,L1403,Jonathan Anderson,58,Maine,90k+,Excellent,822,A,36,2024-11-27,0.075,36000,1119.82,1119.82,2024-11-01
5a94c8c6-e631-4043-9fa9-4ad0e79a09cd,L1404,Seth Romero,27,Montana,<30k,Poor,350,G,36,2024-07-20,0.298,19500,825.67,825.67,2024-07-01
5a94c8c6-e631-4043-9fa9-4ad0e79a09cd,L1405,Seth Romero,27,Montana,<30k,Poor,350,G,36,2024-02-15,0.298,13000,550.45,550.45,2024-02-01
797fe4ca-e2d5-4161-8058-b9e6ecfdadd8,L1406,April Shaw,19,California,30k-60k,Poor,517,G,36,2023-09-01,0.298,12500,529.28,529.28,2023-09-01
c4775b93-ad07-4504-b412-0655111e1e85,L1407,Colton Stewart,76,Nebraska,30k-60k,Fair,597,G,36,2024-08-01,0.298,11000,465.76,465.76,2024-08-01
c4775b93-ad07-4504-b412-0655111e1e85,L1408,Colton Stewart,76,Nebraska,30k-60k,Fair,597,G,36,2023-09-23,0.298,11500,486.93,486.93,2023-09-01
7c054cea-dae8-4b86-93f8-676c92ef439e,L1409,Megan Byrd,97,Arizona,<30k,Very Good,756,B,36,2023-03-30,0.105,16500,536.29,536.29,2023-03-01
17e77406-6c3f-45a6-937d-fe5e9b6528a5,L1410,Laurie Koch,90,Massachusetts,60k-90k,Fair,641,E,36,2024-05-07,0.221,8500,325.06,325.06,2024-05-01
77b1d902-45be-4588-aba1-3e7343f08739,L1411,Emma Wilkins,30,North Carolina,<30k,Fair,609,F,36,2023-04-18,0.262,3500,141.39,141.39,2023-04-01
6c75138e-978b-4c98-a336-28d6f21956e1,L1412,Steven Donaldson,27,Wyoming,30k-60k,Good,680,D,36,2023-05-08,0.178,22000,793.15,793.15,2023-05-01
382dd943-13ae-4f65-9b0c-cd49c4b0dc6b,L1413,Sarah Cunningham,86,Mississippi,90k+,Good,706,C,36,2024-05-07,0.139,38500,1313.97,1313.97,2024-05-01
395d3cb1-7f0c-4dd7-aeb2-f3e091650862,L1414,Sarah Galvan MD,45,Indiana,30k-60k,Fair,656,E,36,2023-11-15,0.221,9500,363.3,363.3,2023-11-01
57dad462-8a3b-48d7-9112-a4bfed9ea198,L1415,Peter Barber,82,Missouri,60k-90k,Very Good,796,A,36,2023-06-14,0.075,30000,933.19,933.19,2023-06-01
351c3ce4-04ba-440f-9996-fde0df08d95e,L1416,Mary Harris,51,Wisconsin,<30k,Excellent,834,A,36,2023-11-20,0.075,18000,559.91,559.91,2023-11-01
b6e4ddd2-c871-4f3e-90e4-86097d2f19bb,L1417,Karen Velasquez,34,Tennessee,30k-60k,Excellent,826,A,36,2024-09-20,0.075,25000,777.66,777.66,2024-09-01
b6e4ddd2-c871-4f3e-90e4-86097d2f19bb,L1418,Karen Velasquez,34,Tennessee,30k-60k,Excellent,826,A,36,2024-09-09,0.075,13000,404.38,404.38,2024-09-01
8e1f1a92-c44b-4820-8d06-e43506c73f0e,L1419,Jeremiah Smith,62,Idaho,<30k,Very Good,756,B,36,2024-08-12,0.105,14500,471.29,471.29,2024-08-01
bbf8bc23-c8a0-4bd1-87a0-84eca748c0d6,L1420,Richard Jones,26,West Virginia,30k-60k,Poor,396,G,36,2023-12-11,0.298,38000,1609.0,1609.0,2023-12-01
af92a698-21a7-4308-9750-da79791ffaaa,L1421,Allison Bates,49,Wisconsin,60k-90k,Very Good,740,B,36,2024-03-19,0.105,3500,113.76,113.76,2024-03-01
b335c447-8001-4a1e-8414-7c6109704583,L1422,Alicia Fitzgerald,65,Delaware,90k+,Good,670,D,36,2023-10-22,0.178,22000,793.15,793.15,2023-10-01
b0d8e557-6852-49fc-a594-0d98d31f0918,L1423,Sandra Cole,54,Tennessee,60k-90k,Poor,567,G,36,2023-12-27,0.298,23500,995.04,995.04,2023-12-01
b0d8e557-6852-49fc-a594-0d98d31f0918,L1424,Sandra Cole,54,Tennessee,60k-90k,Poor,567,G,36,2023-04-09,0.298,10500,444.59,444.59,2023-04-01
08332aec-bf99-4a46-a427-727b0a9ff784,L1425,Matthew Chaney,38,Kansas,60k-90k,Very Good,747,B,36,2023-07-22,0.105,25500,828.81,828.81,2023-07-01
08332aec-bf99-4a46-a427-727b0a9ff784,L1426,Matthew Chaney,38,Kansas,60k-90k,Very Good,747,B,36,2024-06-19,0.105,30500,991.32,991.32,2024-06-01
39dbcc0f-048b-4c3b-ba12-4a57cef11016,L1427,Jasmine Humphrey,74,Indiana,60k-90k,Very Good,773,A,36,2023-12-17,0.075,36500,1135.38,1135.38,2023-12-01
39dbcc0f-048b-4c3b-ba12-4a57cef11016,L1428,Jasmine Humphrey,74,Indiana,60k-90k,Very Good,773,A,36,2024-02-11,0.075,11500,357.72,357.72,2024-02-01
75449832-dcfb-447c-b771-ad9382f82d23,L1429,Leah Wong,87,Oregon,60k-90k,Good,670,D,36,2024-02-29,0.178,36000,1297.88,1297.88,2024-02-01
e7f400cb-57d0-4798-a037-45a11c5fcc90,L1430,Zachary Bradley,56,North Dakota,60k-90k,Very Good,764,A,36,2024-12-15,0.075,21000,653.23,653.23,2024-12-01
b6b8989e-1f61-497d-ab50-a4c4e5083817,L1431,Alicia Williams,96,Tennessee,60k-90k,Very Good,781,A,36,2023-05-17,0.075,9000,279.96,279.96,2023-05-01
185d3bfd-66ad-472e-b53c-56445f430873,L1432,Matthew Murphy,85,North Dakota,<30k,Good,696,C,36,2024-09-16,0.139,2500,85.32,85.32,2024-09-01
2557a5a9-2dda-4449-b935-786401f40aa2,L1433,Nancy Wilson,19,New Jersey,30k-60k,Excellent,844,A,36,2024-03-12,0.075,27500,855.42,855.42,2024-03-01
0a406f5a-208e-4abf-82a8-896b316413be,L1434,Emily Young,88,Oregon,90k+,Fair,620,F,36,2023-09-18,0.262,33500,1353.31,1353.31,2023-09-01
de9e5dd8-6537-4e70-8f9c-41606811537f,L1435,Danielle Snyder,56,New Jersey,90k+,Excellent,826,A,36,2024-04-30,0.075,10500,326.62,326.62,2024-04-01
63d463f0-acab-4f88-9a9c-f9e5ec7466fd,L1436,Mrs. Adrienne Lee,31,South Dakota,30k-60k,Very Good,763,A,36,2024-10-24,0.075,31000,964.29,964.29,2024-10-01
35420f98-11b1-435a-a2a9-ec9dae3db3c4,L1437,Eileen Smith,35,Colorado,<30k,Good,683,D,36,2024-01-15,0.178,22000,793.15,793.15,2024-01-01
ae1368b8-aeb9-46a9-9b49-a2c1e8abd91f,L1438,William Nguyen,51,Rhode Island,<30k,Very Good,749,B,36,2024-07-13,0.105,11000,357.53,357.53,2024-07-01
c59e1176-dc64-484c-b1ca-a55842ec758e,L1439,Denise Walker,32,Kentucky,60k-90k,Good,724,B,36,2023-06-26,0.105,1500,48.75,48.75,2023-06-01
c59e1176-dc64-484c-b1ca-a55842ec758e,L1440,Denise Walker,32,Kentucky,60k-90k,Good,724,B,36,2024-01-21,0.105,37000,1202.59,1202.59,2024-01-01
ff4d63c1-91a4-42e5-97fa-ed04abf75eea,L1441,Danielle Goodman,31,Maryland,<30k,Good,702,C,36,2023-02-14,0.139,34500,1177.45,1177.45,2023-02-01
c1e4ef8a-e988-48df-9734-f5b9b3e1096a,L1442,Nicholas Todd,88,Oklahoma,60k-90k,Very Good,756,B,36,2023-10-18,0.105,22500,731.3,731.3,2023-10-01
6ac664a6-4f53-4122-aa88-1e96995b5de1,L1443,Edward Johnson,37,Hawaii,90k+,Fair,648,E,36,2023-05-10,0.221,20500,783.97,783.97,2023-05-01
09d6e8b5-356c-4fe1-8f06-89a2de94978d,L1444,Stephen Cooley,52,Connecticut,<30k,Excellent,827,A,36,2024-05-24,0.075,32000,995.4,995.4,2024-05-01
99e4b13b-ba90-4a5d-b426-e1765118f851,L1445,Sarah Morgan,54,Indiana,60k-90k,Good,716,C,36,2024-02-01,0.139,20000,682.58,682.58,2024-02-01
b0eceee1-97b9-4763-bcc1-52b05f5a916b,L1446,Emily Brown,95,Georgia,30k-60k,Good,705,C,36,2024-05-31,0.139,38500,1313.97,1313.97,2024-05-01
5b018b58-537d-44c3-a245-3aac384d2674,L1447,William Kelley,44,West Virginia,30k-60k,Very Good,783,A,36,2024-09-13,0.075,10500,326.62,326.62,2024-09-01
d6386612-32e5-410f-9db0-e1bce2074c7c,L1448,Arthur Sims,61,New York,<30k,Good,720,B,36,2023-01-17,0.105,38000,1235.09,1235.09,2023-01-01
166fca4e-deea-4a13-9132-1e2e53734019,L1449,Anthony Brown,44,Michigan,30k-60k,Excellent,848,A,36,2024-05-01,0.075,30000,933.19,933.19,2024-05-01
166fca4e-deea-4a13-9132-1e2e53734019,L1450,Anthony Brown,44,Michigan,30k-60k,Excellent,848,A,36,2024-10-18,0.075,23000,715.44,715.44,2024-10-01
ba4e454d-9df2-4c6c-bc29-5b79cb1636f8,L1451,Kristina Howard,99,Nebraska,30k-60k,Fair,606,F,36,2023-10-04,0.262,8500,343.38,343.38,2023-10-01
ba4e454d-9df2-4c6c-bc29-5b79cb1636f8,L1452,Kristina Howard,99,Nebraska,30k-60k,Fair,606,F,36,2023-12-13,0.262,32500,1312.91,1312.91,2023-12-01
df1a7324-2f68-49fb-94a8-f8ad87a90e9f,L1453,Summer Smith,51,Illinois,90k+,Excellent,826,A,36,2023-07-25,0.075,3500,108.87,108.87,2023-07-01
0d79c99f-be5f-4e0a-9706-916343939a84,L1454,Christian Bailey,82,Kansas,60k-90k,Very Good,775,A,36,2024-06-10,0.075,10000,311.06,311.06,2024-06-01
0d79c99f-be5f-4e0a-9706-916343939a84,L1455,Christian Bailey,82,Kansas,60k-90k,Very Good,775,A,36,2024-06-29,0.075,37000,1150.93,1150.93,2024-06-01
0d79c99f-be5f-4e0a-9706-916343939a84,L1456,Christian Bailey,82,Kansas,60k-90k,Very Good,775,A,36,2024-02-09,0.075,8500,264.4,264.4,2024-02-01
5fdcd49e-f0ec-4084-8c5c-7432c9c4598b,L1457,Michael Smith,80,Maryland,90k+,Poor,547,G,36,2024-11-16,0.298,21000,889.18,889.18,2024-11-01
5f90f9de-ad35-4fd5-afd5-df23e558eeae,L1458,Brittany Wilson,50,Alaska,<30k,Good,692,C,36,2024-12-18,0.139,2500,85.32,85.32,2024-12-01
b463bb4b-1162-47cd-a2c1-92cd85a7e918,L1459,Christina Hall,24,Montana,90k+,Good,717,C,36,2024-02-22,0.139,27500,938.55,938.55,2024-02-01
556ea9ce-b9c7-474e-9fb8-d131e2a87817,L1460,Brenda Reeves,29,Rhode Island,<30k,Good,731,B,36,2023-04-19,0.105,15500,503.79,503.79,2023-04-01
df132dcd-3ec3-4b51-a4fa-cc98600315f3,L1461,Roger Williams,99,Mississippi,<30k,Very Good,756,B,36,2023-03-25,0.105,30000,975.07,975.07,2023-03-01
e3b81c75-8045-42af-bfbd-b7b85c9d1c4c,L1462,Lisa Sloan,72,New Hampshire,30k-60k,Very Good,759,B,36,2023-08-07,0.105,24500,796.31,796.31,2023-08-01
ab81815d-5bd2-4543-8835-f677d3da4e6d,L1463,Jennifer Mahoney,53,Wyoming,30k-60k,Fair,653,E,36,2024-05-08,0.221,7000,267.7,267.7,2024-05-01
40e995ca-85da-4b9c-a7e8-2cc62888c2b1,L1464,Tyler Moreno,23,Virginia,60k-90k,Excellent,822,A,36,2023-09-21,0.075,22500,699.89,699.89,2023-09-01
eeebaff2-be23-4b1a-9eb2-c4ab54b96c9a,L1465,Rachael Jones,18,Maryland,30k-60k,Very Good,789,A,36,2023-06-28,0.075,4500,139.98,139.98,2023-06-01
61ba2414-4f2b-45fc-8a2a-74dee777b09c,L1466,Jill Johnson,60,Montana,<30k,Good,720,B,36,2024-08-20,0.105,14000,455.03,455.03,2024-08-01
61ba2414-4f2b-45fc-8a2a-74dee777b09c,L1467,Jill Johnson,60,Montana,<30k,Good,720,B,36,2023-01-24,0.105,39000,1267.6,1267.6,2023-01-01
914cc126-0e19-4324-9b94-b2694fc1eedf,L1468,Patricia Tran,34,Wyoming,60k-90k,Excellent,847,A,36,2023-09-03,0.075,35500,1104.27,1104.27,2023-09-01
a51f239c-f11f-4817-b167-1d213846ab38,L1469,Elijah Cooper,99,Nebraska,30k-60k,Excellent,808,A,36,2024-07-27,0.075,15500,482.15,482.15,2024-07-01
602bf3f0-ee22-45b4-8098-716914817038,L1470,Kayla Torres,51,Maryland,<30k,Excellent,842,A,36,2023-12-11,0.075,19000,591.02,591.02,2023-12-01
2c8b468b-fc08-4f3e-a067-5bc64876dfa2,L1471,Heather Johnson,38,Alaska,60k-90k,Excellent,807,A,36,2023-08-16,0.075,14000,435.49,435.49,2023-08-01
6116ec31-ae5c-4683-ae80-629872d2e64a,L1472,Lauren Henderson,74,New York,60k-90k,Good,699,C,36,2023-06-25,0.139,2500,85.32,85.32,2023-06-01
4725acbf-92f2-4a81-a5e6-b3a5fa466fd9,L1473,Janet Little,88,Montana,60k-90k,Excellent,828,A,36,2024-08-01,0.075,6500,202.19,202.19,2024-08-01
32cb46d4-5222-46f6-91b4-c84296e6ff9f,L1474,Krista Hart,72,Colorado,30k-60k,Very Good,790,A,36,2024-08-28,0.075,36500,1135.38,1135.38,2024-08-01
c1a472ee-3fa2-4e63-aeae-81dda5da13b0,L1475,Laurie Marsh,89,South Dakota,<30k,Very Good,784,A,36,2023-06-26,0.075,30000,933.19,933.19,2023-06-01
96888f89-3b48-4a2f-bd4b-ea1cf11b25ba,L1476,Logan Benson,19,Massachusetts,90k+,Good,690,C,36,2024-12-02,0.139,6500,221.84,221.84,2024-12-01
aa235633-1539-459c-a2a6-6b7c7ace0de3,L1477,Crystal Flores,32,Missouri,<30k,Excellent,806,A,36,2024-08-19,0.075,34500,1073.16,1073.16,2024-08-01
b212e5cc-8e0b-42a7-ba13-7c3b2baa505d,L1478,Shannon Price,27,Arkansas,<30k,Very Good,753,B,36,2023-09-16,0.105,27000,877.57,877.57,2023-09-01
368d9313-775b-4c45-8f3f-9acf0b00a6cb,L1479,Pamela Lane,37,Connecticut,90k+,Good,735,B,36,2024-11-01,0.105,13500,438.78,438.78,2024-11-01
331c3d2d-f975-4980-ac8c-a1a50d53fe83,L1480,Tracie Murray,87,South Dakota,90k+,Very Good,765,A,36,2023-02-26,0.075,33000,1026.51,1026.51,2023-02-01
f26aacf6-66eb-4fc0-90d1-1fe9749319a9,L1481,Briana Ray,22,Georgia,90k+,Very Good,790,A,36,2024-06-12,0.075,22000,684.34,684.34,2024-06-01
f26aacf6-66eb-4fc0-90d1-1fe9749319a9,L1482,Briana Ray,22,Georgia,90k+,Very Good,790,A,36,2024-12-12,0.075,34500,1073.16,1073.16,2024-12-01
7db23b30-a7a5-40dd-b7af-28b913913c37,L1483,Andrew Daniel,65,Utah,30k-60k,Fair,623,F,36,2024-06-18,0.262,4500,181.79,181.79,2024-06-01
44057426-18bf-4091-874a-b9d7e6dac887,L1484,Lori Brock,92,Montana,<30k,Excellent,835,A,36,2024-08-13,0.075,24500,762.1,762.1,2024-08-01
dab29118-426b-49c8-a734-5647f2d070a3,L1485,Jennifer Palmer,88,Colorado,30k-60k,Poor,326,G,36,2024-02-01,0.298,27000,1143.24,1143.24,2024-02-01
f2f0a1a1-6df8-430b-b70d-e8b193c0ca28,L1486,Brad Lucas,36,New York,30k-60k,Good,690,C,36,2023-10-12,0.139,10500,358.36,358.36,2023-10-01
5eb6f5ca-bf0b-45f2-b1a9-3baf93a007aa,L1487,Jeremy Waters,73,Rhode Island,<30k,Fair,629,F,36,2024-06-29,0.262,29000,1171.52,1171.52,2024-06-01
762392c1-a4e3-4185-b762-acc2ff51d53c,L1488,Brent Allen,34,New Mexico,60k-90k,Excellent,840,A,36,2023-12-06,0.075,25000,777.66,777.66,2023-12-01
11e6b752-1f4c-49e4-a8f5-beb1ab6b7983,L1489,Jack Klein,23,Utah,<30k,Excellent,800,A,36,2023-09-08,0.075,26500,824.31,824.31,2023-09-01
0cefc3ec-4c5f-4c01-a0f4-f953045d426c,L1490,Leah Ruiz,57,Nebraska,60k-90k,Excellent,805,A,36,2024-10-27,0.075,25500,793.21,793.21,2024-10-01
bb43a9fe-5c13-4d60-97c8-22dcc7179905,L1491,Joseph Lee,64,Colorado,60k-90k,Good,688,D,36,2024-07-24,0.178,2000,72.1,72.1,2024-07-01
50a92ecb-a131-4065-b507-24418ca712f9,L1492,Joseph Johnson,23,Oregon,30k-60k,Very Good,770,A,36,2024-04-02,0.075,19500,606.57,606.57,2024-04-01
50a92ecb-a131-4065-b507-24418ca712f9,L1493,Joseph Johnson,23,Oregon,30k-60k,Very Good,770,A,36,2023-01-09,0.075,23500,731.0,731.0,2023-01-01
701bc2dc-b674-4a17-a44a-85825b7bf3ae,L1494,Linda Combs,63,Connecticut,30k-60k,Very Good,799,A,36,2023-01-25,0.075,24000,746.55,746.55,2023-01-01
0aaa2f19-02fd-4869-94bd-401c8f5972cb,L1495,Matthew Lewis,44,Texas,60k-90k,Excellent,838,A,36,2024-07-07,0.075,21000,653.23,653.23,2024-07-01
88a4eb76-69ed-40d6-82ae-50fca931fcca,L1496,Albert Martinez,49,Tennessee,30k-60k,Very Good,767,A,36,2024-01-24,0.075,30000,933.19,933.19,2024-01-01
32b0a62e-f529-434f-9ea3-332f97bfd99a,L1497,Ashley Scott,31,Utah,30k-60k,Very Good,745,B,36,2024-08-08,0.105,38000,1235.09,1235.09,2024-08-01
202b8d3f-0cc8-47af-b0dd-70a8482a90f8,L1498,Noah Conley MD,63,South Carolina,<30k,Good,678,D,36,2023-02-05,0.178,6500,234.34,234.34,2023-02-01
202b8d3f-0cc8-47af-b0dd-70a8482a90f8,L1499,Noah Conley MD,63,South Carolina,<30k,Good,678,D,36,2024-11-01,0.178,15000,540.78,540.78,2024-11-01
65e274b0-94a0-40f5-afa7-53ffeed2e41d,L1500,Edward Hayes,89,Mississippi,30k-60k,Very Good,756,B,36,2023-11-28,0.105,30000,975.07,975.07,2023-11-01
f43c31c0-c39f-4af2-8a2a-c33560899cef,L1501,Christopher English,70,Colorado,30k-60k,Very Good,754,B,36,2023-01-24,0.105,28000,910.07,910.07,2023-01-01
859f76cc-32a6-46f0-a89b-b4be16941ea4,L1502,Benjamin Miller,97,Texas,30k-60k,Very Good,763,A,36,2024-09-09,0.075,30000,933.19,933.19,2024-09-01
69ae0c88-1249-4c18-83f2-9c1809194bca,L1503,Jesus Bowen,37,Colorado,60k-90k,Fair,590,G,36,2023-04-08,0.298,20000,846.84,846.84,2023-04-01
69ae0c88-1249-4c18-83f2-9c1809194bca,L1504,Jesus Bowen,37,Colorado,60k-90k,Fair,590,G,36,2023-10-09,0.298,11500,486.93,486.93,2023-10-01
2248575f-cea5-4173-9ddf-d2d568e3f05e,L1505,Michael Hill,48,Missouri,30k-60k,Very Good,778,A,36,2024-07-22,0.075,29000,902.08,902.08,2024-07-01
40a5dae7-fcaa-415f-b512-2327a53db9d6,L1506,Mary Grant,38,Wisconsin,30k-60k,Good,674,D,36,2024-04-09,0.178,28000,1009.46,1009.46,2024-04-01
40a5dae7-fcaa-415f-b512-2327a53db9d6,L1507,Mary Grant,38,Wisconsin,30k-60k,Good,674,D,36,2023-04-28,0.178,10000,360.52,360.52,2023-04-01
bdc9f7d8-be25-43c7-8f46-9dcd21722410,L1508,Amanda Wells,40,Maine,90k+,Fair,629,F,36,2024-02-14,0.262,39500,1595.69,1595.69,2024-02-01
0d202065-aa4d-421e-b8e0-eb25202b2e72,L1509,Daniel Sherman,70,California,<30k,Good,721,B,36,2023-07-11,0.105,6500,211.27,211.27,2023-07-01
48d5e978-205c-47ea-a57f-ef0d7a252d64,L1510,Stacey Phillips,21,Washington,90k+,Fair,658,E,36,2023-01-08,0.221,10500,401.54,401.54,2023-01-01
184ad713-a82b-4379-bd38-01bf3caba9ff,L1511,Shannon Young,40,Tennessee,30k-60k,Very Good,781,A,36,2023-08-30,0.075,14500,451.04,451.04,2023-08-01
184ad713-a82b-4379-bd38-01bf3caba9ff,L1512,Shannon Young,40,Tennessee,30k-60k,Very Good,781,A,36,2024-01-18,0.075,21000,653.23,653.23,2024-01-01
000adcf3-5fcc-42aa-9dce-0d513edaea97,L1513,John Nichols,60,Delaware,60k-90k,Very Good,773,A,36,2023-08-18,0.075,32000,995.4,995.4,2023-08-01
d7e9a329-d430-4503-83ff-c9240f8abfa1,L1514,Mark Martinez,70,Kentucky,30k-60k,Very Good,758,B,36,2023-07-07,0.105,35500,1153.84,1153.84,2023-07-01
addf136c-70cd-4d3c-bbc4-70a94bbf5343,L1515,Jennifer Riley,49,New Mexico,30k-60k,Excellent,845,A,36,2023-01-11,0.075,23000,715.44,715.44,2023-01-01
be160621-1158-422a-ac72-1e3655c78f8d,L1516,Travis Buckley,52,Tennessee,<30k,Good,677,D,36,2023-08-01,0.178,5500,198.29,198.29,2023-08-01
c31eab19-92ef-4fe1-bdea-89e2484326bb,L1517,Pamela Johnson,38,Florida,30k-60k,Very Good,789,A,36,2023-08-05,0.075,39500,1228.7,1228.7,2023-08-01
580ebc9d-1b01-4211-9861-775b1c81293e,L1518,Cathy Zimmerman,31,New Jersey,30k-60k,Very Good,792,A,36,2024-04-08,0.075,25500,793.21,793.21,2024-04-01
f712958c-409a-4798-9e24-fb911f3b1961,L1519,Robert Perez,66,New Hampshire,<30k,Good,692,C,36,2023-03-26,0.139,7000,238.9,238.9,2023-03-01
3e34a51f-bf98-412c-8a8f-92adeb76bfd5,L1520,Jason Young,22,Minnesota,90k+,Good,733,B,36,2023-08-02,0.105,1500,48.75,48.75,2023-08-01
3e34a51f-bf98-412c-8a8f-92adeb76bfd5,L1521,Jason Young,22,Minnesota,90k+,Good,733,B,36,2023-10-16,0.105,28000,910.07,910.07,2023-10-01
c9cb2e6f-a04d-4553-97bb-01b1f48ccaa1,L1522,Jonathan Brown,78,Minnesota,60k-90k,Very Good,768,A,36,2023-09-14,0.075,19000,591.02,591.02,2023-09-01
c9cb2e6f-a04d-4553-97bb-01b1f48ccaa1,L1523,Jonathan Brown,78,Minnesota,60k-90k,Very Good,768,A,36,2023-08-24,0.075,28000,870.97,870.97,2023-08-01
3b2ce8bb-ef76-4e24-a7b1-73aefb3186cf,L1524,Joshua Aguirre,46,Arizona,<30k,Good,671,D,36,2024-07-09,0.178,12500,450.65,450.65,2024-07-01
564421f4-d6ba-4d0a-82e9-bf8edebf7e80,L1525,John Decker,43,Florida,90k+,Fair,605,F,36,2023-09-08,0.262,37500,1514.9,1514.9,2023-09-01
2577214d-5105-41ff-85bd-1b0c6a61aa38,L1526,Brittney Brown,76,Idaho,<30k,Very Good,794,A,36,2024-03-25,0.075,31500,979.85,979.85,2024-03-01
a252f66c-225e-409e-8754-0a2973410da3,L1527,Alec Jackson,62,Vermont,60k-90k,Good,736,B,36,2023-04-20,0.105,38000,1235.09,1235.09,2023-04-01
54d3339f-37b7-4a3c-ae33-600c1d2194bb,L1528,Samantha Weiss,57,Pennsylvania,60k-90k,Very Good,758,B,36,2023-02-24,0.105,10000,325.02,325.02,2023-02-01
54d3339f-37b7-4a3c-ae33-600c1d2194bb,L1529,Samantha Weiss,57,Pennsylvania,60k-90k,Very Good,758,B,36,2024-10-30,0.105,14000,455.03,455.03,2024-10-01
e5ad637e-2c8e-47bd-8eb5-c998e0c9d0ac,L1530,Kathleen Mcdowell,47,Michigan,<30k,Good,694,C,36,2024-08-11,0.139,13000,443.68,443.68,2024-08-01
bd418a20-8be9-4096-9818-f930a70a69f1,L1531,Alexandria Patterson,46,Virginia,90k+,Good,674,D,36,2023-12-13,0.178,26000,937.36,937.36,2023-12-01
f3dcf04b-7262-46bb-ad3b-bbf8e931895b,L1532,Margaret Hayes,21,North Carolina,30k-60k,Fair,656,E,36,2023-04-26,0.221,20000,764.84,764.84,2023-04-01
f3dcf04b-7262-46bb-ad3b-bbf8e931895b,L1533,Margaret Hayes,21,North Carolina,30k-60k,Fair,656,E,36,2024-05-24,0.221,37500,1434.08,1434.08,2024-05-01
302efda5-8bbe-40ba-942f-f0df56bbe387,L1534,Amber Medina,42,California,90k+,Good,735,B,36,2023-03-27,0.105,33000,1072.58,1072.58,2023-03-01
352b1485-34d3-4f94-959a-420edb62ccb0,L1535,April Miller,69,Pennsylvania,60k-90k,Good,736,B,36,2023-05-16,0.105,4000,130.01,130.01,2023-05-01
c43f523a-c0b5-4637-a1c9-f7bf596a997a,L1536,Nicole Garcia,60,Oklahoma,<30k,Very Good,784,A,36,2024-04-01,0.075,21000,653.23,653.23,2024-04-01
6cabf039-14c1-4e89-9984-9230ade6bcf4,L1537,Luis Warner,53,Florida,<30k,Fair,609,F,36,2024-01-11,0.262,39500,1595.69,1595.69,2024-01-01
6cabf039-14c1-4e89-9984-9230ade6bcf4,L1538,Luis Warner,53,Florida,<30k,Fair,609,F,36,2023-03-13,0.262,21000,848.34,848.34,2023-03-01
35b10133-6600-414a-b5b6-380e5054f7dc,L1539,Mr. John Ashley,26,Utah,30k-60k,Good,691,C,36,2024-11-28,0.139,33500,1143.32,1143.32,2024-11-01
35b10133-6600-414a-b5b6-380e5054f7dc,L1540,Mr. John Ashley,26,Utah,30k-60k,Good,691,C,36,2023-02-09,0.139,37500,1279.84,1279.84,2023-02-01
693cd893-8301-46f6-b703-8faa84027a52,L1541,Brandon Stout,53,Idaho,<30k,Good,674,D,36,2024-06-09,0.178,31500,1135.64,1135.64,2024-06-01
63de7d2e-441f-4772-ada8-65e47449986f,L1542,Christopher Simon,62,Texas,<30k,Fair,626,F,36,2024-11-17,0.262,15500,626.16,626.16,2024-11-01
c35b544c-09d1-4a3a-87b9-e83dc1673955,L1543,Victoria Cox,83,New Mexico,90k+,Excellent,815,A,36,2024-10-01,0.075,3000,93.32,93.32,2024-10-01
75bbffff-ebe5-452a-88af-aaca912bcb65,L1544,Alexander Swanson,69,South Dakota,<30k,Good,670,D,36,2023-01-11,0.178,1000,36.05,36.05,2023-01-01
8d6fd914-73e5-45f7-959b-aac834b2d6ca,L1545,Gabriel Kane,86,Delaware,90k+,Very Good,750,B,36,2023-10-13,0.105,11000,357.53,357.53,2023-10-01
53d916ed-6554-4c81-ac83-4f63f76d8e89,L1546,Brenda Henderson,60,Utah,60k-90k,Fair,591,G,36,2024-02-28,0.298,18000,762.16,762.16,2024-02-01
943e37b8-b410-4f0e-8db8-900daec97e56,L1547,Jill Thompson,21,Mississippi,30k-60k,Fair,615,F,36,2023-05-25,0.262,20500,828.14,828.14,2023-05-01
9a9fb476-9c6c-4d43-841a-4aaa5aa21149,L1548,Kristina Hinton,32,North Dakota,60k-90k,Good,721,B,36,2024-11-27,0.105,32000,1040.08,1040.08,2024-11-01
9a9fb476-9c6c-4d43-841a-4aaa5aa21149,L1549,Kristina Hinton,32,North Dakota,60k-90k,Good,721,B,36,2023-05-12,0.105,9000,292.52,292.52,2023-05-01
9a9fb476-9c6c-4d43-841a-4aaa5aa21149,L1550,Kristina Hinton,32,North Dakota,60k-90k,Good,721,B,36,2023-08-07,0.105,20000,650.05,650.05,2023-08-01
6d757735-6a56-4736-8eb7-3d3889e30043,L1551,Adrian Cruz,51,Oklahoma,60k-90k,Very Good,762,A,36,2024-01-25,0.075,28500,886.53,886.53,2024-01-01
6d757735-6a56-4736-8eb7-3d3889e30043,L1552,Adrian Cruz,51,Oklahoma,60k-90k,Very Good,762,A,36,2023-08-14,0.075,13000,404.38,404.38,2023-08-01
d41c6dca-68da-4ec4-8c92-e825dbf0f16d,L1553,Reginald Hill,40,Pennsylvania,60k-90k,Very Good,782,A,36,2023-05-31,0.075,33000,1026.51,1026.51,2023-05-01
d41c6dca-68da-4ec4-8c92-e825dbf0f16d,L1554,Reginald Hill,40,Pennsylvania,60k-90k,Very Good,782,A,36,2024-08-13,0.075,17000,528.81,528.81,2024-08-01
2ed405b7-9760-43e0-a7cb-6af7dd0ac324,L1555,Charles Hamilton,92,Texas,90k+,Fair,630,E,36,2023-01-14,0.221,3000,114.73,114.73,2023-01-01
16682824-d8b4-4757-a520-003953eaf444,L1556,Jeffrey Weaver,51,Washington,60k-90k,Fair,631,E,36,2023-10-23,0.221,9000,344.18,344.18,2023-10-01
dd4fd5ef-f8bd-4541-955a-63ea5f53b1ed,L1557,Edward Hughes,22,Louisiana,90k+,Very Good,777,A,36,2024-07-05,0.075,19000,591.02,591.02,2024-07-01
3abcc35c-42ab-4b22-9ce8-e14f1eece205,L1558,John Jones,31,Indiana,30k-60k,Very Good,752,B,36,2024-06-17,0.105,33500,1088.83,1088.83,2024-06-01
48b66a43-d91c-4902-9257-f3e6015513bb,L1559,Daniel Martinez,94,Rhode Island,90k+,Very Good,773,A,36,2024-05-27,0.075,5500,171.08,171.08,2024-05-01
d3af179d-d785-4aa4-81df-5568baa67fa2,L1560,Amy Lee,73,Nebraska,30k-60k,Excellent,800,A,36,2024-12-12,0.075,24500,762.1,762.1,2024-12-01
399698d2-c58d-4abe-985c-1bd48696369c,L1561,Traci Kerr,62,Mississippi,30k-60k,Poor,335,G,36,2024-06-27,0.298,39000,1651.34,1651.34,2024-06-01
0fcc9437-31b8-471d-817b-3db050dc0b5c,L1562,Beth Wong,58,Massachusetts,30k-60k,Good,681,D,36,2024-05-28,0.178,32500,1171.69,1171.69,2024-05-01
685bb5c0-bb7f-406e-8df8-3695903235c9,L1563,Deborah Mclaughlin,73,Utah,60k-90k,Very Good,775,A,36,2024-09-27,0.075,38000,1182.04,1182.04,2024-09-01
c751b2b9-9abd-487a-b5b4-367df9836fb8,L1564,Victor Richardson,95,Alabama,90k+,Very Good,758,B,36,2023-10-24,0.105,29500,958.82,958.82,2023-10-01
93de01f7-404c-4d20-990a-d9bc67b3a992,L1565,Michael Rivera,83,Washington,60k-90k,Very Good,786,A,36,2024-05-31,0.075,18000,559.91,559.91,2024-05-01
93de01f7-404c-4d20-990a-d9bc67b3a992,L1566,Michael Rivera,83,Washington,60k-90k,Very Good,786,A,36,2023-11-19,0.075,32000,995.4,995.4,2023-11-01
ca32c508-d91b-472f-a561-0fc58b1824cf,L1567,Jennifer Branch,32,Rhode Island,30k-60k,Excellent,835,A,36,2023-09-23,0.075,9000,279.96,279.96,2023-09-01
95e8594a-b243-48b8-97cb-f6e665371fbb,L1568,Albert Duncan,67,Ohio,<30k,Good,714,C,36,2023-02-16,0.139,25500,870.29,870.29,2023-02-01
c9ff0e71-f758-4558-8257-9bdc326bf1b1,L1569,Jamie Hoffman,91,Maryland,30k-60k,Very Good,762,A,36,2023-10-14,0.075,34500,1073.16,1073.16,2023-10-01
7952b48e-895f-437c-9ccd-b26bc12691a6,L1570,Thomas Mendez,42,New Mexico,<30k,Very Good,792,A,36,2023-01-27,0.075,38500,1197.59,1197.59,2023-01-01
c0936d1d-964d-40ed-bfd3-0094060198a0,L1571,Elizabeth Adams,50,Vermont,30k-60k,Fair,615,F,36,2024-02-03,0.262,2000,80.79,80.79,2024-02-01
62aa7d6d-c6b9-4408-9bfe-f589b9bc779f,L1572,Adrian Mack,23,Kentucky,30k-60k,Good,698,C,36,2024-11-09,0.139,18000,614.32,614.32,2024-11-01
62aa7d6d-c6b9-4408-9bfe-f589b9bc779f,L1573,Adrian Mack,23,Kentucky,30k-60k,Good,698,C,36,2024-12-04,0.139,11500,392.48,392.48,2024-12-01
a7bbaf12-0505-4c4f-9a10-8937e84cf707,L1574,Mrs. Ann Mejia,73,Massachusetts,60k-90k,Good,694,C,36,2024-05-11,0.139,39000,1331.03,1331.03,2024-05-01
a7bbaf12-0505-4c4f-9a10-8937e84cf707,L1575,Mrs. Ann Mejia,73,Massachusetts,60k-90k,Good,694,C,36,2023-09-03,0.139,5000,170.65,170.65,2023-09-01
d26b7902-6f77-4dd9-b01a-f8aec2d34339,L1576,Sandra Dominguez,18,West Virginia,90k+,Fair,638,E,36,2023-09-14,0.221,10500,401.54,401.54,2023-09-01
40c1fef4-fd90-41f9-8f1d-d2c7422138bc,L1577,Allison Thompson,84,West Virginia,<30k,Fair,631,E,36,2023-06-16,0.221,22000,841.33,841.33,2023-06-01
c00dedf7-a1d1-4115-88a3-b89f121f65b5,L1578,James Wyatt,86,Minnesota,60k-90k,Good,670,D,36,2024-11-02,0.178,31000,1117.62,1117.62,2024-11-01
f18c555a-f262-4019-ad6b-7744fd115823,L1579,Joshua Marshall,43,Indiana,30k-60k,Good,703,C,36,2024-01-06,0.139,10000,341.29,341.29,2024-01-01
7cc6a75b-f0ad-40fd-a19e-6dceb8cfab03,L1580,Andrea Allen,64,Mississippi,60k-90k,Very Good,751,B,36,2023-08-25,0.105,24500,796.31,796.31,2023-08-01
d9067e93-c9ef-4cd1-b7b9-126f445735e2,L1581,David Ruiz,73,Hawaii,90k+,Good,722,B,36,2024-11-03,0.105,11500,373.78,373.78,2024-11-01
38f1c639-5799-4b79-ac77-308ac3bfd00b,L1582,Jennifer Shields,26,Nebraska,60k-90k,Excellent,832,A,36,2023-06-15,0.075,4500,139.98,139.98,2023-06-01
38f1c639-5799-4b79-ac77-308ac3bfd00b,L1583,Jennifer Shields,26,Nebraska,60k-90k,Excellent,832,A,36,2024-05-04,0.075,19000,591.02,591.02,2024-05-01
00ad09c2-e7a6-4b22-a5b5-80a053bf2060,L1584,Brandon Williams,60,Oregon,<30k,Very Good,746,B,36,2024-04-04,0.105,24500,796.31,796.31,2024-04-01
fc1a6739-800e-45b3-a0c4-dc404f6083c4,L1585,Carlos Smith,97,Michigan,90k+,Good,679,D,36,2023-11-19,0.178,28500,1027.49,1027.49,2023-11-01
c0f02518-2727-4798-a317-d6c9c1af7453,L1586,John Delgado,58,Maine,60k-90k,Very Good,772,A,36,2024-06-15,0.075,24500,762.1,762.1,2024-06-01
f3380f8b-3f8b-47fa-bc90-c84183a0b813,L1587,Vanessa Lambert,33,Maryland,<30k,Good,707,C,36,2023-11-04,0.139,4000,136.52,136.52,2023-11-01
f3380f8b-3f8b-47fa-bc90-c84183a0b813,L1588,Vanessa Lambert,33,Maryland,<30k,Good,707,C,36,2023-01-03,0.139,20000,682.58,682.58,2023-01-01
f3380f8b-3f8b-47fa-bc90-c84183a0b813,L1589,Vanessa Lambert,33,Maryland,<30k,Good,707,C,36,2023-09-12,0.139,20000,682.58,682.58,2023-09-01
ccc26a82-e3ab-4ec9-8081-4a25e5027caf,L1590,Robert Berg,56,West Virginia,60k-90k,Fair,623,F,36,2023-05-02,0.262,35500,1434.1,1434.1,2023-05-01
ccc26a82-e3ab-4ec9-8081-4a25e5027caf,L1591,Robert Berg,56,West Virginia,60k-90k,Fair,623,F,36,2023-09-26,0.262,6000,242.38,242.38,2023-09-01
b69a3494-1017-4acb-829a-5fa637d8a8be,L1592,Ryan Terry MD,82,Arkansas,60k-90k,Poor,359,G,36,2023-02-28,0.298,34500,1460.8,1460.8,2023-02-01
46e97d1a-a759-4915-b74d-92e18ff54307,L1593,Barbara Miller,57,Hawaii,90k+,Good,735,B,36,2024-02-13,0.105,13500,438.78,438.78,2024-02-01
32061e9f-5ede-435a-8ead-b2a5a3314946,L1594,Ann Krueger,70,Wyoming,30k-60k,Excellent,816,A,36,2023-03-28,0.075,13000,404.38,404.38,2023-03-01
3891b1dd-b8e3-45d4-91a9-b94414a60e22,L1595,Marie Russell,59,Idaho,90k+,Good,738,B,36,2024-12-15,0.105,7000,227.52,227.52,2024-12-01
0ec2777e-1d0c-4939-8a9c-23fd3014a3f6,L1596,Kelly Joseph,69,Washington,90k+,Excellent,850,A,36,2023-01-21,0.075,12000,373.27,373.27,2023-01-01
4e9f79d5-d70b-4029-86aa-d76c3b7ee003,L1597,Karen Anderson,55,Maryland,90k+,Good,702,C,36,2024-08-27,0.139,36500,1245.71,1245.71,2024-08-01
4e9f79d5-d70b-4029-86aa-d76c3b7ee003,L1598,Karen Anderson,55,Maryland,90k+,Good,702,C,36,2023-12-08,0.139,22000,750.84,750.84,2023-12-01
a7fca2b2-7705-44e4-8456-f7359e2560a3,L1599,James Harrell,88,Indiana,<30k,Good,726,B,36,2024-08-20,0.105,21500,698.8,698.8,2024-08-01
6c474709-e5c3-47fe-a76c-0b8f16f0d340,L1600,Ronald Stanley,34,Delaware,60k-90k,Excellent,824,A,36,2023-03-17,0.075,20500,637.68,637.68,2023-03-01
c886564c-1edd-4fa2-8ca1-3f4a6687fcac,L1601,Danielle Savage,42,Kentucky,<30k,Very Good,776,A,36,2024-06-28,0.075,19000,591.02,591.02,2024-06-01
f0317b5c-95f9-4fe2-af22-ea222b651168,L1602,Jenna Pearson,71,West Virginia,60k-90k,Very Good,770,A,36,2023-07-22,0.075,25000,777.66,777.66,2023-07-01
c642ed13-5967-488d-afdd-55dcd8dcc444,L1603,Anthony Walker MD,66,Wyoming,90k+,Good,701,C,36,2024-09-11,0.139,7500,255.97,255.97,2024-09-01
872c5214-6c03-474f-9af9-9097b0460cc8,L1604,Jonathan Boyer,40,Wyoming,60k-90k,Very Good,788,A,36,2024-01-20,0.075,36000,1119.82,1119.82,2024-01-01
38e1a61e-af4e-4fb7-902d-6f3281629931,L1605,Melanie Woods,96,Florida,60k-90k,Very Good,761,A,36,2023-02-28,0.075,39000,1213.14,1213.14,2023-02-01
82d6c5a4-50cd-4ded-aa81-bf996f5d9d74,L1606,Paul Blevins,90,Missouri,30k-60k,Good,728,B,36,2024-02-18,0.105,24000,780.06,780.06,2024-02-01
a5622c4a-5f2d-440b-89d7-b27e2800459c,L1607,Ashley Ramos,56,California,90k+,Fair,667,D,36,2023-10-07,0.178,10500,378.55,378.55,2023-10-01
6cc3cd7b-c533-4395-890a-e1e244ba83c5,L1608,Brandon Austin,69,Hawaii,30k-60k,Good,728,B,36,2023-06-06,0.105,2000,65.0,65.0,2023-06-01
7c14af61-99d7-434d-82e1-fd87bc4f11f2,L1609,Kevin Banks,88,Nevada,90k+,Good,673,D,36,2024-08-17,0.178,10000,360.52,360.52,2024-08-01
7c14af61-99d7-434d-82e1-fd87bc4f11f2,L1610,Kevin Banks,88,Nevada,90k+,Good,673,D,36,2024-10-21,0.178,35000,1261.83,1261.83,2024-10-01
b11b0a5d-acc5-471a-bd60-549e62b09450,L1611,Ashley Kennedy,18,Nebraska,60k-90k,Very Good,770,A,36,2023-02-08,0.075,19500,606.57,606.57,2023-02-01
b11b0a5d-acc5-471a-bd60-549e62b09450,L1612,Ashley Kennedy,18,Nebraska,60k-90k,Very Good,770,A,36,2024-02-24,0.075,25500,793.21,793.21,2024-02-01
25901e0e-b706-4cdd-a6df-8204472ef5be,L1613,Marie Robertson,56,Illinois,<30k,Very Good,747,B,36,2024-09-01,0.105,33000,1072.58,1072.58,2024-09-01
25901e0e-b706-4cdd-a6df-8204472ef5be,L1614,Marie Robertson,56,Illinois,<30k,Very Good,747,B,36,2024-01-28,0.105,28000,910.07,910.07,2024-01-01
d1139c73-0c8a-4e01-8c78-daa4a35ef63a,L1615,Kim Williams,54,Minnesota,60k-90k,Excellent,816,A,36,2023-07-20,0.075,23500,731.0,731.0,2023-07-01
f8ba1c9d-e210-4665-a896-226ff8fd8aae,L1616,Steven Herrera,44,Missouri,30k-60k,Very Good,744,B,36,2024-01-25,0.105,11500,373.78,373.78,2024-01-01
5636e551-5e26-40ba-9336-870fec66ba1e,L1617,Anne Davis,73,Washington,30k-60k,Good,718,C,36,2024-09-23,0.139,7500,255.97,255.97,2024-09-01
963dd468-d203-4cea-934e-356f404abdb6,L1618,Toni Rojas,92,Kentucky,60k-90k,Good,698,C,36,2024-09-04,0.139,15500,529.0,529.0,2024-09-01
963dd468-d203-4cea-934e-356f404abdb6,L1619,Toni Rojas,92,Kentucky,60k-90k,Good,698,C,36,2024-12-12,0.139,11000,375.42,375.42,2024-12-01
7ea4b8eb-d98b-45ce-a856-0d60900870b7,L1620,Christopher Cunningham,95,Louisiana,30k-60k,Very Good,783,A,36,2023-03-07,0.075,34000,1057.61,1057.61,2023-03-01
07a8e4c0-a9e7-4e30-8aef-2ef182941801,L1621,Benjamin Clark,59,Georgia,30k-60k,Good,699,C,36,2023-10-09,0.139,15500,529.0,529.0,2023-10-01
07a8e4c0-a9e7-4e30-8aef-2ef182941801,L1622,Benjamin Clark,59,Georgia,30k-60k,Good,699,C,36,2024-03-11,0.139,13500,460.74,460.74,2024-03-01
106dd325-38b6-4179-a3ac-5e03876b7a0a,L1623,Robin Johnson,77,New Jersey,90k+,Excellent,820,A,36,2024-04-29,0.075,37500,1166.48,1166.48,2024-04-01
edd39921-fdbf-4995-aa47-a175d097b139,L1624,William Baker,74,Texas,90k+,Fair,632,E,36,2024-04-30,0.221,35500,1357.6,1357.6,2024-04-01
1fac3f28-a101-456e-bb15-b1fa6b02b82c,L1625,Dr. Henry Vargas,74,West Virginia,60k-90k,Excellent,822,A,36,2023-08-13,0.075,36000,1119.82,1119.82,2023-08-01
2fd42e75-eae0-4ff9-b02d-56e6219f3195,L1626,Mark Hodges,45,Nevada,<30k,Fair,646,E,36,2024-02-14,0.221,37000,1414.96,1414.96,2024-02-01
84883879-7839-4539-94bf-91d956f9b96a,L1627,Edward Torres,83,South Dakota,<30k,Very Good,774,A,36,2024-12-19,0.075,8500,264.4,264.4,2024-12-01
f53a6733-ada5-47fe-b42e-8098cf46e736,L1628,Scott Moses,78,Missouri,60k-90k,Poor,304,G,36,2023-01-21,0.298,28500,1206.75,1206.75,2023-01-01
74dd13e6-ea2a-4e7a-bf03-dfc62d8712db,L1629,Harold Hines,39,West Virginia,90k+,Very Good,784,A,36,2024-03-02,0.075,31000,964.29,964.29,2024-03-01
9aa0ae5a-c66b-43ed-b53f-b5a98fd862fc,L1630,Chelsea Brown,28,Nebraska,30k-60k,Excellent,816,A,36,2024-09-30,0.075,6000,186.64,186.64,2024-09-01
6350f1f6-406e-4c25-b7c1-712211f0bc0b,L1631,Juan Meyer,54,Wisconsin,60k-90k,Good,701,C,36,2023-05-09,0.139,8500,290.1,290.1,2023-05-01
a568c884-9560-41a5-9851-8979d9d44ea1,L1632,Pamela Paul,83,Rhode Island,60k-90k,Very Good,758,B,36,2024-03-22,0.105,9500,308.77,308.77,2024-03-01
18e10ff4-eb60-4a8c-9223-fec2bab1145d,L1633,David Contreras,99,Michigan,<30k,Excellent,805,A,36,2024-02-03,0.075,2000,62.21,62.21,2024-02-01
1258e723-a9af-492f-966f-969352c54a50,L1634,Kevin Martin,97,New Hampshire,60k-90k,Fair,631,E,36,2024-01-25,0.221,32500,1242.87,1242.87,2024-01-01
19af9b35-9adb-4dde-9838-25019af6a2bc,L1635,Kelly Mendez,60,Utah,<30k,Excellent,843,A,36,2024-12-06,0.075,24000,746.55,746.55,2024-12-01
53dd6abb-8e08-41eb-87ee-18945cbc023b,L1636,Dwayne Garcia,29,Mississippi,60k-90k,Very Good,787,A,36,2023-07-14,0.075,21500,668.78,668.78,2023-07-01
45d54b60-8c76-45e1-b367-b0b6d0fc4375,L1637,Adam Watson,48,Nebraska,60k-90k,Very Good,792,A,36,2023-02-28,0.075,25000,777.66,777.66,2023-02-01
45d54b60-8c76-45e1-b367-b0b6d0fc4375,L1638,Adam Watson,48,Nebraska,60k-90k,Very Good,792,A,36,2024-02-10,0.075,10000,311.06,311.06,2024-02-01
08b1cda8-3b59-4b5f-a8da-9caabc14066d,L1639,Rhonda Gates,57,Hawaii,30k-60k,Fair,623,F,36,2023-04-15,0.262,30000,1211.92,1211.92,2023-04-01
d9885555-0af2-4acc-8c88-f49d63096d62,L1640,Daniel Dean,46,Vermont,<30k,Good,679,D,36,2023-06-25,0.178,35500,1279.85,1279.85,2023-06-01
d9885555-0af2-4acc-8c88-f49d63096d62,L1641,Daniel Dean,46,Vermont,<30k,Good,679,D,36,2023-06-21,0.178,23500,847.23,847.23,2023-06-01
d9885555-0af2-4acc-8c88-f49d63096d62,L1642,Daniel Dean,46,Vermont,<30k,Good,679,D,36,2024-05-21,0.178,12500,450.65,450.65,2024-05-01
597fa555-92cc-4cac-b922-b2be291c5e97,L1643,Justin Glover,43,Oregon,60k-90k,Good,692,C,36,2023-11-15,0.139,21000,716.71,716.71,2023-11-01
3cb8ca43-3b58-44a9-851d-0db1e8662b25,L1644,Jose Parker,36,Alabama,90k+,Fair,640,E,36,2023-01-22,0.221,3000,114.73,114.73,2023-01-01
3cb8ca43-3b58-44a9-851d-0db1e8662b25,L1645,Jose Parker,36,Alabama,90k+,Fair,640,E,36,2023-11-05,0.221,9000,344.18,344.18,2023-11-01
3cb8ca43-3b58-44a9-851d-0db1e8662b25,L1646,Jose Parker,36,Alabama,90k+,Fair,640,E,36,2024-09-05,0.221,15500,592.75,592.75,2024-09-01
6dc8f4cb-fe1d-4c5b-8638-c4477ad4269e,L1647,Tiffany Harris,21,Ohio,90k+,Good,710,C,36,2023-12-26,0.139,9500,324.23,324.23,2023-12-01
6dc8f4cb-fe1d-4c5b-8638-c4477ad4269e,L1648,Tiffany Harris,21,Ohio,90k+,Good,710,C,36,2023-12-02,0.139,10500,358.36,358.36,2023-12-01
c9810da8-51a5-4005-9e46-720af335a2b7,L1649,Ronald Lyons,23,Ohio,90k+,Good,715,C,36,2023-07-22,0.139,16000,546.07,546.07,2023-07-01
c9810da8-51a5-4005-9e46-720af335a2b7,L1650,Ronald Lyons,23,Ohio,90k+,Good,715,C,36,2024-01-04,0.139,21000,716.71,716.71,2024-01-01
c9810da8-51a5-4005-9e46-720af335a2b7,L1651,Ronald Lyons,23,Ohio,90k+,Good,715,C,36,2023-10-26,0.139,9000,307.16,307.16,2023-10-01
cc6a8a50-c9e8-426a-8789-3c7ac1b22e87,L1652,Bradley Yang,49,Indiana,<30k,Good,697,C,36,2024-01-27,0.139,15000,511.94,511.94,2024-01-01
cb7078a5-82c8-42af-b15a-84f41f6bb05a,L1653,Jennifer Ellison,78,Texas,60k-90k,Very Good,797,A,36,2023-12-15,0.075,9500,295.51,295.51,2023-12-01
cb7078a5-82c8-42af-b15a-84f41f6bb05a,L1654,Jennifer Ellison,78,Texas,60k-90k,Very Good,797,A,36,2024-01-12,0.075,6000,186.64,186.64,2024-01-01
4fb799ad-11b4-465e-a5c1-e9e7cfea294b,L1655,Justin Armstrong,96,Nevada,60k-90k,Very Good,776,A,36,2024-05-21,0.075,29000,902.08,902.08,2024-05-01
4343c952-15d5-405b-8be3-c1578b225c32,L1656,Jason Cordova,27,Kansas,<30k,Very Good,757,B,36,2024-09-29,0.105,8500,276.27,276.27,2024-09-01
f0ace542-f1b6-4232-8fb8-899b8010fe6e,L1657,Erin White,76,North Dakota,30k-60k,Excellent,811,A,36,2023-12-27,0.075,6000,186.64,186.64,2023-12-01
fc32be43-aba1-4f3a-a82a-4dc71419f02c,L1658,Dr. Michelle Petersen MD,71,Virginia,90k+,Excellent,847,A,36,2023-03-26,0.075,2000,62.21,62.21,2023-03-01
fc32be43-aba1-4f3a-a82a-4dc71419f02c,L1659,Dr. Michelle Petersen MD,71,Virginia,90k+,Excellent,847,A,36,2023-08-04,0.075,32500,1010.95,1010.95,2023-08-01
fc32be43-aba1-4f3a-a82a-4dc71419f02c,L1660,Dr. Michelle Petersen MD,71,Virginia,90k+,Excellent,847,A,36,2023-09-17,0.075,29500,917.63,917.63,2023-09-01
cc1b72c0-cac5-45a0-891e-60307bdb0dec,L1661,Keith Johnson,98,Montana,30k-60k,Good,694,C,36,2023-11-03,0.139,4000,136.52,136.52,2023-11-01
3039299f-ac58-4c44-bd5c-c1678be30b83,L1662,Michelle Hopkins,91,Vermont,90k+,Poor,555,G,36,2024-12-21,0.298,14000,592.79,592.79,2024-12-01
b2b4f648-4e7c-414f-8857-0adfbc97ef03,L1663,Michelle Little,42,Oklahoma,<30k,Excellent,847,A,36,2024-04-08,0.075,8000,248.85,248.85,2024-04-01
87995edd-9cb3-4b93-8478-3c9e33dc6d9d,L1664,Christine Gonzales,67,Vermont,90k+,Very Good,752,B,36,2023-01-09,0.105,3000,97.51,97.51,2023-01-01
84847ae5-fd34-421b-8090-882f94214ef8,L1665,Julie Nielsen,81,Wyoming,<30k,Excellent,815,A,36,2024-11-07,0.075,34500,1073.16,1073.16,2024-11-01
5a115d61-6449-495d-870e-085aa308d3ec,L1666,Phillip Wilson,69,Michigan,30k-60k,Very Good,787,A,36,2023-02-21,0.075,40000,1244.25,1244.25,2023-02-01
f608c9be-ca89-45df-8e68-5e47031c9e93,L1667,Laura Page,49,Missouri,90k+,Excellent,815,A,36,2024-06-09,0.075,5000,155.53,155.53,2024-06-01
b98a8884-9138-416a-a9e7-cd1e9f6c1b00,L1668,Edward Wilson,36,Illinois,60k-90k,Fair,613,F,36,2024-01-08,0.262,31500,1272.51,1272.51,2024-01-01
fb9cf587-07f3-4877-8b8a-8619de523f9d,L1669,Jessica Shepard,18,Hawaii,60k-90k,Good,696,C,36,2024-10-19,0.139,9000,307.16,307.16,2024-10-01
d2f723cb-9e7c-4fe2-afc0-013537256b44,L1670,Brandon Warner,31,Vermont,60k-90k,Very Good,754,B,36,2023-06-05,0.105,17500,568.79,568.79,2023-06-01
de178151-ef3c-413e-a52a-2ca4618d5357,L1671,David Atkins,72,Alabama,60k-90k,Fair,605,F,36,2023-11-16,0.262,4000,161.59,161.59,2023-11-01
ee8465bc-20c2-4ea8-913b-4f1ce195902b,L1672,Joseph Smith MD,46,South Carolina,60k-90k,Very Good,793,A,36,2023-10-26,0.075,5500,171.08,171.08,2023-10-01
4c3a03d1-4d37-4881-8394-c7cb7f8a511c,L1673,Tyrone Anderson,40,Montana,90k+,Very Good,755,B,36,2024-11-24,0.105,21000,682.55,682.55,2024-11-01
dd028b7d-17aa-406a-91ce-38fd5e55bf68,L1674,Nicholas Ayala,84,Hawaii,60k-90k,Very Good,793,A,36,2023-04-19,0.075,1500,46.66,46.66,2023-04-01
2faa52b2-fb69-4ad2-aa1f-a95b76888581,L1675,Douglas Camacho,77,Mississippi,60k-90k,Very Good,779,A,36,2023-10-25,0.075,7500,233.3,233.3,2023-10-01
1baea534-d723-4c77-bb47-6be2cdc01198,L1676,William Powell,24,Illinois,<30k,Excellent,822,A,36,2024-04-17,0.075,9000,279.96,279.96,2024-04-01
e35bdc5f-9f2f-406b-a43d-17b4d8b660aa,L1677,Eric Murray,89,North Dakota,<30k,Good,689,D,36,2023-11-14,0.178,14500,522.76,522.76,2023-11-01
34949f5e-81bd-4f67-b034-9cba6e3e969f,L1678,Shawn Robinson,49,Missouri,60k-90k,Very Good,789,A,36,2023-07-28,0.075,39500,1228.7,1228.7,2023-07-01
34949f5e-81bd-4f67-b034-9cba6e3e969f,L1679,Shawn Robinson,49,Missouri,60k-90k,Very Good,789,A,36,2024-03-23,0.075,14000,435.49,435.49,2024-03-01
6cb88230-210a-4349-b4f0-2f7486001cb2,L1680,Michael Duncan,33,Florida,60k-90k,Fair,593,G,36,2023-07-16,0.298,13000,550.45,550.45,2023-07-01
6cb88230-210a-4349-b4f0-2f7486001cb2,L1681,Michael Duncan,33,Florida,60k-90k,Fair,593,G,36,2024-03-06,0.298,24000,1016.21,1016.21,2024-03-01
a5cb2dbc-4a31-4c0d-9fe6-84101b2ff185,L1682,Thomas Neal,76,Nebraska,90k+,Fair,595,G,36,2023-11-27,0.298,3000,127.03,127.03,2023-11-01
11df7bb7-1b1b-4e0a-8657-ef7f8ff85667,L1683,Lori Walker,35,Alaska,60k-90k,Good,680,D,36,2023-02-11,0.178,7000,252.37,252.37,2023-02-01
318d98a2-7a31-4352-b96b-9f33cc143c98,L1684,Dawn Gregory,77,Louisiana,<30k,Very Good,783,A,36,2023-12-18,0.075,10500,326.62,326.62,2023-12-01
791f27de-66b0-4853-b813-b33181aaa2e8,L1685,Gabriel May,85,Georgia,30k-60k,Very Good,782,A,36,2023-02-03,0.075,19000,591.02,591.02,2023-02-01
8b3c215f-d19b-4259-8050-0e9a12b46c58,L1686,Nicole Clark,89,Minnesota,60k-90k,Very Good,771,A,36,2023-05-02,0.075,39000,1213.14,1213.14,2023-05-01
cfe46308-742e-45de-9a62-59b08ee42e7d,L1687,Christine Wilson,94,Connecticut,90k+,Good,670,D,36,2023-11-09,0.178,24000,865.25,865.25,2023-11-01
e11680e3-6c6d-46f6-a735-66570aa4adbd,L1688,Robert Richards,58,Virginia,60k-90k,Good,739,B,36,2024-09-23,0.105,24000,780.06,780.06,2024-09-01
e11680e3-6c6d-46f6-a735-66570aa4adbd,L1689,Robert Richards,58,Virginia,60k-90k,Good,739,B,36,2024-11-23,0.105,11500,373.78,373.78,2024-11-01
71d4ca20-93d7-4450-8e84-c0c671a88661,L1690,Lori Turner,74,Arkansas,90k+,Good,675,D,36,2023-05-20,0.178,34000,1225.77,1225.77,2023-05-01
b0a9b551-e0fe-4235-af41-78ff9c6aa9a7,L1691,Debra Stewart,96,Arizona,90k+,Very Good,794,A,36,2024-04-29,0.075,17000,528.81,528.81,2024-04-01
6ada3d98-3e80-47b2-b62d-4a8541d30411,L1692,Jason Adams,82,North Dakota,<30k,Very Good,770,A,36,2023-05-16,0.075,34000,1057.61,1057.61,2023-05-01
dc13afae-b89d-4a62-9a12-56db08e2eed0,L1693,Kristen Mitchell,72,Maine,<30k,Fair,627,F,36,2023-09-08,0.262,38500,1555.29,1555.29,2023-09-01
d0c9199e-d06f-46e4-8311-b1d27614c0ee,L1694,Natasha Mccullough,88,Hawaii,90k+,Excellent,839,A,36,2023-07-24,0.075,5500,171.08,171.08,2023-07-01
a8f9af46-a5e4-41bf-9679-8923075619be,L1695,Natalie Rios,75,Georgia,90k+,Good,710,C,36,2023-05-22,0.139,7500,255.97,255.97,2023-05-01
4adaf862-e360-43b6-8264-c219468ed25e,L1696,Christopher Shepherd,38,Nebraska,90k+,Good,733,B,36,2023-08-17,0.105,39000,1267.6,1267.6,2023-08-01
4adaf862-e360-43b6-8264-c219468ed25e,L1697,Christopher Shepherd,38,Nebraska,90k+,Good,733,B,36,2023-09-02,0.105,2000,65.0,65.0,2023-09-01
fba9fffe-f03e-4b61-9fa0-b2e33ced40c9,L1698,Anna Branch,78,Idaho,<30k,Excellent,836,A,36,2023-02-14,0.075,35500,1104.27,1104.27,2023-02-01
69e90b5b-e4bf-4361-aed4-11ee386c69a1,L1699,Mr. Erik Brown,75,Wisconsin,60k-90k,Fair,615,F,36,2023-09-23,0.262,15000,605.96,605.96,2023-09-01
1a05f388-9e0d-4e4f-924c-e188a4d30e9c,L1700,Kenneth Evans,51,South Dakota,60k-90k,Excellent,831,A,36,2023-11-18,0.075,13500,419.93,419.93,2023-11-01
cb4abfd4-99c2-4607-b383-e0b4022442de,L1701,Brian Brown,49,Maryland,30k-60k,Very Good,751,B,36,2023-07-24,0.105,19500,633.8,633.8,2023-07-01
d1c28b21-77b9-41fb-af91-93e9246c9e0c,L1702,Thomas Santiago,99,Michigan,90k+,Good,735,B,36,2023-06-27,0.105,12500,406.28,406.28,2023-06-01
ce4dc47b-9561-4de6-be90-097425cd2faf,L1703,Jessica Tran,53,Maine,90k+,Good,705,C,36,2023-09-16,0.139,36000,1228.65,1228.65,2023-09-01
b38ad6a5-b276-40dc-8365-0122ef0c8360,L1704,Calvin Chang,84,Oregon,60k-90k,Very Good,765,A,36,2023-10-15,0.075,1500,46.66,46.66,2023-10-01
b38ad6a5-b276-40dc-8365-0122ef0c8360,L1705,Calvin Chang,84,Oregon,60k-90k,Very Good,765,A,36,2023-12-15,0.075,7500,233.3,233.3,2023-12-01
b38ad6a5-b276-40dc-8365-0122ef0c8360,L1706,Calvin Chang,84,Oregon,60k-90k,Very Good,765,A,36,2023-05-21,0.075,15000,466.59,466.59,2023-05-01
d815aece-253f-492c-9241-567ad5ffe5d5,L1707,Crystal Townsend,80,Washington,30k-60k,Very Good,754,B,36,2024-08-13,0.105,34000,1105.08,1105.08,2024-08-01
6933849d-fedd-44c2-9a64-fda4e5425429,L1708,Miss Stephanie Franklin MD,98,Iowa,<30k,Good,686,D,36,2023-08-29,0.178,32000,1153.67,1153.67,2023-08-01
9e8b5c57-aaab-4085-8721-b44ce01d1e99,L1709,Lynn Watkins,48,Montana,<30k,Fair,586,G,36,2023-04-02,0.298,25000,1058.55,1058.55,2023-04-01
ef155010-ccfa-4792-93fe-3218d5cfa431,L1710,Charles Sweeney,53,Ohio,60k-90k,Very Good,773,A,36,2024-09-11,0.075,39500,1228.7,1228.7,2024-09-01
ef155010-ccfa-4792-93fe-3218d5cfa431,L1711,Charles Sweeney,53,Ohio,60k-90k,Very Good,773,A,36,2024-07-24,0.075,13000,404.38,404.38,2024-07-01
23ff04a0-7673-4a0d-8249-3729019b8f25,L1712,Sarah Thomas,74,Idaho,90k+,Good,724,B,36,2024-09-09,0.105,30000,975.07,975.07,2024-09-01
23ff04a0-7673-4a0d-8249-3729019b8f25,L1713,Sarah Thomas,74,Idaho,90k+,Good,724,B,36,2023-01-28,0.105,8000,260.02,260.02,2023-01-01
b05f1e6b-e901-4816-946f-53e539b43fad,L1714,Joshua Fox,27,South Dakota,<30k,Fair,641,E,36,2024-07-29,0.221,13000,497.15,497.15,2024-07-01
d38427f7-47d8-4aae-ae7b-a2c357e1950b,L1715,Elizabeth Wilson,54,Hawaii,30k-60k,Poor,576,G,36,2024-05-04,0.298,24500,1037.38,1037.38,2024-05-01
0f8f4101-68af-49ee-9f50-11e31b5a6241,L1716,Rebecca Williams,48,Utah,30k-60k,Very Good,742,B,36,2024-10-02,0.105,26000,845.06,845.06,2024-10-01
0f8f4101-68af-49ee-9f50-11e31b5a6241,L1717,Rebecca Williams,48,Utah,30k-60k,Very Good,742,B,36,2024-02-27,0.105,29000,942.57,942.57,2024-02-01
0f8f4101-68af-49ee-9f50-11e31b5a6241,L1718,Rebecca Williams,48,Utah,30k-60k,Very Good,742,B,36,2024-01-30,0.105,15000,487.54,487.54,2024-01-01
4158ffb0-b90c-4a43-8a4f-63fae5ae9ad8,L1719,Richard Cunningham,52,Georgia,90k+,Poor,557,G,36,2023-01-08,0.298,34500,1460.8,1460.8,2023-01-01
daa466db-a88c-4453-a993-065d839e2ca9,L1720,Justin Schneider,60,North Dakota,60k-90k,Good,714,C,36,2023-04-01,0.139,16000,546.07,546.07,2023-04-01
7750fffe-c56c-4094-b5a1-e7a48cd92c0b,L1721,Gene Curry,58,Mississippi,60k-90k,Fair,630,E,36,2024-05-17,0.221,27500,1051.66,1051.66,2024-05-01
c5f74baa-82c8-46c0-b878-c5fbd79c4897,L1722,Nathan Lin,87,New Jersey,<30k,Excellent,843,A,36,2023-10-03,0.075,8500,264.4,264.4,2023-10-01
76c2f751-354b-4459-a036-3742e7093bfa,L1723,Breanna Perry,28,Louisiana,<30k,Excellent,849,A,36,2024-05-27,0.075,21500,668.78,668.78,2024-05-01
08de88b4-c782-4ba8-a3e4-50dc0b4d5fb5,L1724,Robert Morris,35,Arizona,<30k,Very Good,751,B,36,2023-08-14,0.105,9000,292.52,292.52,2023-08-01
b0c46762-727b-4329-bfe7-f3da53e14ae0,L1725,Mr. Robert Russell,37,Michigan,30k-60k,Very Good,769,A,36,2023-07-13,0.075,31500,979.85,979.85,2023-07-01
42a5e105-6fb2-4c59-85d1-b883130b5377,L1726,Monica Richard,47,Montana,60k-90k,Very Good,747,B,36,2023-07-25,0.105,8000,260.02,260.02,2023-07-01
c00dfa89-18eb-4f3f-a639-f793155792c2,L1727,Cheryl Dean,67,Washington,90k+,Good,736,B,36,2024-08-29,0.105,35000,1137.59,1137.59,2024-08-01
e9917a1d-9800-4c37-aaaf-e8c560f2a519,L1728,Edward Morris,37,South Dakota,<30k,Good,728,B,36,2023-06-04,0.105,10000,325.02,325.02,2023-06-01
f6f5fb86-644f-4295-b00c-f3c94183cec2,L1729,Rebecca Spencer,45,Minnesota,90k+,Good,710,C,36,2024-01-12,0.139,33500,1143.32,1143.32,2024-01-01
1ad702eb-3ef5-4146-ae91-50573d5a453f,L1730,Cory Zuniga,26,North Dakota,90k+,Very Good,784,A,36,2023-09-21,0.075,24500,762.1,762.1,2023-09-01
893e462f-5f70-4089-8e6a-9e753b2d58ff,L1731,Michelle King,71,Rhode Island,90k+,Very Good,740,B,36,2024-11-17,0.105,20000,650.05,650.05,2024-11-01
a9ed0e9a-6781-4bb7-8f3a-a9158a673c34,L1732,Jason Martinez,70,South Carolina,90k+,Fair,581,G,36,2023-03-22,0.298,37500,1587.83,1587.83,2023-03-01
a9ed0e9a-6781-4bb7-8f3a-a9158a673c34,L1733,Jason Martinez,70,South Carolina,90k+,Fair,581,G,36,2024-04-01,0.298,3500,148.2,148.2,2024-04-01
a5b943d7-91a2-4ec4-981f-77d4d26fbe23,L1734,Alyssa Elliott,60,Oregon,30k-60k,Very Good,783,A,36,2023-09-01,0.075,6500,202.19,202.19,2023-09-01
9a2cb630-a28f-4f70-b1eb-5fe2a9f4c898,L1735,Kenneth Perry,87,Vermont,30k-60k,Good,696,C,36,2024-05-14,0.139,22500,767.9,767.9,2024-05-01
df4b8025-bb86-4920-8ec5-800ed78e0331,L1736,Alexis White,77,Pennsylvania,30k-60k,Very Good,764,A,36,2023-07-13,0.075,33500,1042.06,1042.06,2023-07-01
621dbb8c-8458-4993-8cc6-f1897d3d8573,L1737,Mary Williamson,71,Arizona,30k-60k,Excellent,837,A,36,2023-01-31,0.075,8500,264.4,264.4,2023-01-01
95f3f01f-6ebe-4a14-9aef-2b61d9dd71d2,L1738,Kristen Garrett,25,Missouri,<30k,Good,682,D,36,2024-08-15,0.178,26000,937.36,937.36,2024-08-01
d20788bc-2c56-48c9-bca8-b6f2a5602dcf,L1739,William Vaughn,44,Mississippi,<30k,Good,711,C,36,2023-02-23,0.139,19500,665.52,665.52,2023-02-01
49c704ef-1347-4362-b06b-0f85a72ddcce,L1740,Thomas Nelson,71,Vermont,30k-60k,Poor,485,G,36,2023-06-20,0.298,31000,1312.61,1312.61,2023-06-01
f71046cb-b08a-4930-84b8-7d08f382ac66,L1741,Joan Arellano,67,Pennsylvania,<30k,Good,703,C,36,2023-10-28,0.139,21500,733.78,733.78,2023-10-01
e579facd-c2f8-4818-86ca-ddb7a1fdf8c9,L1742,Joseph Young,92,Pennsylvania,60k-90k,Good,693,C,36,2023-07-06,0.139,30000,1023.87,1023.87,2023-07-01
10e59b0c-7961-4a28-ae79-c6ba66b9fea4,L1743,Christopher Gutierrez,20,Pennsylvania,30k-60k,Very Good,775,A,36,2023-08-21,0.075,16000,497.7,497.7,2023-08-01
3dc5ab37-ae06-466a-8ee2-3c16522c0efb,L1744,Anne King,91,Oklahoma,<30k,Very Good,756,B,36,2024-01-30,0.105,37500,1218.84,1218.84,2024-01-01
d642db33-faf9-4258-bfae-ceb2d3d62f8e,L1745,Corey Perez,66,Alaska,<30k,Very Good,755,B,36,2024-01-07,0.105,27500,893.82,893.82,2024-01-01
70387ce3-73bc-4915-b986-4b3caf5073a1,L1746,Michael Harper,79,Vermont,90k+,Very Good,757,B,36,2023-06-16,0.105,20000,650.05,650.05,2023-06-01
ad32235e-7764-4ad1-b104-8b77297648ed,L1747,Allen Johnson,18,Montana,30k-60k,Very Good,770,A,36,2023-12-07,0.075,29000,902.08,902.08,2023-12-01
3acb6474-d5e1-4de8-a193-af9ba4e6ac8e,L1748,Antonio Taylor,63,Pennsylvania,90k+,Good,713,C,36,2023-09-20,0.139,13500,460.74,460.74,2023-09-01
20cff7d9-9848-46a2-92e4-f1b1a406a191,L1749,Laura Rodriguez,56,Colorado,90k+,Fair,626,F,36,2024-02-02,0.262,5500,222.18,222.18,2024-02-01
20cff7d9-9848-46a2-92e4-f1b1a406a191,L1750,Laura Rodriguez,56,Colorado,90k+,Fair,626,F,36,2024-03-19,0.262,32000,1292.71,1292.71,2024-03-01
50ae0ba5-fe9a-4b99-b8a4-5515d3a422f9,L1751,Angela Chapman,67,New Jersey,30k-60k,Fair,603,F,36,2023-03-07,0.262,25000,1009.93,1009.93,2023-03-01
4df4c91d-f30d-4961-a369-47c738394474,L1752,Geoffrey Burton,71,Utah,60k-90k,Very Good,771,A,36,2023-02-28,0.075,13000,404.38,404.38,2023-02-01
e3479729-443a-4405-aed5-706d6c147baa,L1753,Mrs. Brittany Molina DDS,86,Alaska,90k+,Good,724,B,36,2023-07-16,0.105,2000,65.0,65.0,2023-07-01
781ce8b1-651b-4355-8d84-aacd8abb6fb8,L1754,Diane Miller,87,Maryland,<30k,Excellent,813,A,36,2024-11-11,0.075,33000,1026.51,1026.51,2024-11-01
5a5a8538-8e7b-4c1a-a764-ef2c7836f6eb,L1755,Jessica Wright,95,Virginia,<30k,Good,723,B,36,2023-12-21,0.105,8000,260.02,260.02,2023-12-01
2c564017-2945-44f2-b211-9342c2c77f17,L1756,Lauren Murphy,46,Georgia,<30k,Good,717,C,36,2024-03-06,0.139,27000,921.49,921.49,2024-03-01
f9d8dc1e-f851-40a6-8819-b71c0f034290,L1757,Omar Dorsey,80,Kentucky,90k+,Good,716,C,36,2024-07-05,0.139,29500,1006.81,1006.81,2024-07-01
1d13801e-9bdd-4e52-8b22-5f67bf272380,L1758,Stacey Hernandez,46,Kentucky,60k-90k,Fair,631,E,36,2023-02-05,0.221,35500,1357.6,1357.6,2023-02-01
1d13801e-9bdd-4e52-8b22-5f67bf272380,L1759,Stacey Hernandez,46,Kentucky,60k-90k,Fair,631,E,36,2024-09-12,0.221,6500,248.57,248.57,2024-09-01
7f5c81a0-1ff1-4d4e-949b-fe3e09dd3beb,L1760,Jeffrey Hardy,52,Indiana,30k-60k,Good,705,C,36,2024-11-12,0.139,9000,307.16,307.16,2024-11-01
7f5c81a0-1ff1-4d4e-949b-fe3e09dd3beb,L1761,Jeffrey Hardy,52,Indiana,30k-60k,Good,705,C,36,2023-07-15,0.139,10500,358.36,358.36,2023-07-01
7f5c81a0-1ff1-4d4e-949b-fe3e09dd3beb,L1762,Jeffrey Hardy,52,Indiana,30k-60k,Good,705,C,36,2024-05-02,0.139,27000,921.49,921.49,2024-05-01
5504041d-6dfd-4954-9907-0c30ad17eafe,L1763,Kenneth Alvarado,73,North Carolina,90k+,Good,727,B,36,2023-03-14,0.105,27500,893.82,893.82,2023-03-01
1e3b95aa-ec11-4ad8-9bbb-6e7d50acd373,L1764,Larry Martinez,80,Connecticut,<30k,Fair,603,F,36,2024-12-15,0.262,39500,1595.69,1595.69,2024-12-01
481d0d0d-5c15-4f0d-beac-f6b3260734b1,L1765,Nicholas Lopez,21,Nebraska,<30k,Very Good,776,A,36,2023-12-09,0.075,7500,233.3,233.3,2023-12-01
2c7d4f2f-ac0d-4934-9784-f4952b3556b4,L1766,Justin Burgess,67,Nebraska,<30k,Excellent,808,A,36,2024-09-02,0.075,12000,373.27,373.27,2024-09-01
849c2b40-9f3e-4dd9-bbc9-aef2ec05ff0a,L1767,Michael Robinson,61,Florida,60k-90k,Excellent,836,A,36,2023-03-26,0.075,5000,155.53,155.53,2023-03-01
849c2b40-9f3e-4dd9-bbc9-aef2ec05ff0a,L1768,Michael Robinson,61,Florida,60k-90k,Excellent,836,A,36,2024-12-19,0.075,25000,777.66,777.66,2024-12-01
d4a43b2d-7d01-4dcc-8aa0-0c2f775e5fd1,L1769,Ashley Nichols,69,Georgia,60k-90k,Very Good,783,A,36,2023-02-18,0.075,14000,435.49,435.49,2023-02-01
16b76ea3-40be-4e02-83b2-a7dc673d751b,L1770,Jennifer Sanders,39,Louisiana,<30k,Very Good,754,B,36,2023-10-16,0.105,23000,747.56,747.56,2023-10-01
d39b0d00-ddc3-4bdb-a4d4-5499c698ac79,L1771,Paul Tapia,77,Michigan,90k+,Good,682,D,36,2024-02-15,0.178,14000,504.73,504.73,2024-02-01
7e50fce6-c985-4d55-bfc2-994ec4f29463,L1772,John Gonzalez,34,Virginia,30k-60k,Good,704,C,36,2023-09-24,0.139,40000,1365.16,1365.16,2023-09-01
8caea973-5803-48f2-967f-8a35fb1a65a9,L1773,April King,97,Nebraska,60k-90k,Fair,610,F,36,2023-07-15,0.262,27500,1110.92,1110.92,2023-07-01
bf835ea2-3e70-47be-b6ad-175468286a29,L1774,Gary Sims Jr.,86,New York,60k-90k,Good,725,B,36,2024-02-26,0.105,9000,292.52,292.52,2024-02-01
912b9953-4aff-4c65-bfc9-d3410eb83898,L1775,Robert Sanchez,21,Virginia,60k-90k,Fair,628,F,36,2024-06-29,0.262,16500,666.55,666.55,2024-06-01
59c51f74-1960-4450-95a0-7ee2d667f0f2,L1776,Ann Shepard,68,New York,60k-90k,Good,695,C,36,2023-03-02,0.139,29000,989.74,989.74,2023-03-01
33d02dab-c1d7-4a7f-91e6-bb4462b85031,L1777,Andrew Ruiz,93,Missouri,30k-60k,Very Good,749,B,36,2024-03-31,0.105,33500,1088.83,1088.83,2024-03-01
33d02dab-c1d7-4a7f-91e6-bb4462b85031,L1778,Andrew Ruiz,93,Missouri,30k-60k,Very Good,749,B,36,2024-06-27,0.105,19500,633.8,633.8,2024-06-01
58b5a219-c911-48c0-bf46-cb28b6ee314f,L1779,Bill May,90,Alaska,<30k,Very Good,791,A,36,2024-05-19,0.075,39000,1213.14,1213.14,2024-05-01
ca91c960-1345-4b06-94c5-c2220a91abe1,L1780,Scott Johnson,21,Delaware,30k-60k,Good,689,D,36,2023-02-06,0.178,40000,1442.09,1442.09,2023-02-01
c901813a-f89c-4821-9a52-1b54d5300053,L1781,Jacqueline Warren,28,South Carolina,60k-90k,Good,730,B,36,2023-05-22,0.105,19000,617.55,617.55,2023-05-01
323023c2-cf93-4456-af6f-26f9d910baba,L1782,Kaitlin Cox,72,Wyoming,<30k,Very Good,791,A,36,2023-07-26,0.075,27000,839.87,839.87,2023-07-01
323023c2-cf93-4456-af6f-26f9d910baba,L1783,Kaitlin Cox,72,Wyoming,<30k,Very Good,791,A,36,2024-06-26,0.075,24500,762.1,762.1,2024-06-01
c5f9383c-8191-449b-9057-2dfd298ff813,L1784,Brett Morris,35,Indiana,60k-90k,Excellent,800,A,36,2023-07-11,0.075,32000,995.4,995.4,2023-07-01
635072ac-476a-4d27-b3fd-14f08ea48697,L1785,Ruben Fuentes,77,Maine,60k-90k,Excellent,811,A,36,2023-01-05,0.075,27500,855.42,855.42,2023-01-01
81478351-2789-4d3d-9929-4e3a698182f2,L1786,Bonnie Davenport,41,Connecticut,30k-60k,Fair,633,E,36,2023-06-25,0.221,33000,1261.99,1261.99,2023-06-01
81478351-2789-4d3d-9929-4e3a698182f2,L1787,Bonnie Davenport,41,Connecticut,30k-60k,Fair,633,E,36,2024-03-25,0.221,34500,1319.36,1319.36,2024-03-01
81478351-2789-4d3d-9929-4e3a698182f2,L1788,Bonnie Davenport,41,Connecticut,30k-60k,Fair,633,E,36,2024-11-21,0.221,19500,745.72,745.72,2024-11-01
15ae9074-d17f-456f-bf9f-2f615972b994,L1789,Brian Morgan,24,South Carolina,90k+,Fair,643,E,36,2023-01-23,0.221,10500,401.54,401.54,2023-01-01
320fbaf0-fdcc-4962-bd3e-a471f33d842a,L1790,Steven Wilson,51,Idaho,60k-90k,Good,687,D,36,2024-08-05,0.178,31000,1117.62,1117.62,2024-08-01
c79c3981-9a8c-4d8f-8823-ad925ae8c8c6,L1791,Julie Morton,66,Pennsylvania,90k+,Fair,660,D,36,2024-02-16,0.178,8000,288.42,288.42,2024-02-01
c79c3981-9a8c-4d8f-8823-ad925ae8c8c6,L1792,Julie Morton,66,Pennsylvania,90k+,Fair,660,D,36,2023-09-06,0.178,9000,324.47,324.47,2023-09-01
a27e39a5-c771-4083-a6c6-458821cb1d32,L1793,David Warren,59,Missouri,60k-90k,Excellent,833,A,36,2023-11-18,0.075,17500,544.36,544.36,2023-11-01
a27e39a5-c771-4083-a6c6-458821cb1d32,L1794,David Warren,59,Missouri,60k-90k,Excellent,833,A,36,2024-09-19,0.075,33000,1026.51,1026.51,2024-09-01
a6c37fbf-0af0-4d2f-8654-c223345ce718,L1795,Michelle Jones,45,Oregon,<30k,Very Good,774,A,36,2024-06-13,0.075,33500,1042.06,1042.06,2024-06-01
a6c37fbf-0af0-4d2f-8654-c223345ce718,L1796,Michelle Jones,45,Oregon,<30k,Very Good,774,A,36,2024-06-19,0.075,16000,497.7,497.7,2024-06-01
0df8fba2-4201-4da2-be87-0ba3a0ff1b1e,L1797,Michael Maxwell,76,Rhode Island,90k+,Excellent,846,A,36,2023-01-14,0.075,10000,311.06,311.06,2023-01-01
259b06a1-1d6a-49a2-8293-45b0e29c9055,L1798,Jacob Bowers,59,Illinois,<30k,Excellent,820,A,36,2024-06-07,0.075,3000,93.32,93.32,2024-06-01
73cea727-9316-4ed1-868d-1dc24840068e,L1799,William Allison,61,Washington,30k-60k,Good,732,B,36,2024-11-17,0.105,7500,243.77,243.77,2024-11-01
b35c643b-d9cc-4fbe-9474-8d9d5181964f,L1800,William Weber,66,New York,30k-60k,Fair,618,F,36,2023-11-02,0.262,4500,181.79,181.79,2023-11-01
bc407373-23f9-4a56-b0e6-6f4aa481df5a,L1801,Patricia Allen,53,New Jersey,60k-90k,Good,702,C,36,2024-08-07,0.139,5500,187.71,187.71,2024-08-01
bc407373-23f9-4a56-b0e6-6f4aa481df5a,L1802,Patricia Allen,53,New Jersey,60k-90k,Good,702,C,36,2024-09-09,0.139,33500,1143.32,1143.32,2024-09-01
2bfad1f3-370f-4a62-85b8-679095216756,L1803,Michael Dunlap,71,Colorado,30k-60k,Very Good,775,A,36,2024-09-05,0.075,3000,93.32,93.32,2024-09-01
2bfad1f3-370f-4a62-85b8-679095216756,L1804,Michael Dunlap,71,Colorado,30k-60k,Very Good,775,A,36,2023-05-08,0.075,12500,388.83,388.83,2023-05-01
b5714889-9838-4752-ae97-5c25468dbce9,L1805,Thomas Werner,50,New York,<30k,Very Good,794,A,36,2024-07-12,0.075,26000,808.76,808.76,2024-07-01
3ac1431c-2507-48c8-a05f-04114e630e16,L1806,Julia Chavez,28,North Dakota,<30k,Good,676,D,36,2024-04-29,0.178,22500,811.17,811.17,2024-04-01
f7903deb-7485-4852-8029-6c5737810f75,L1807,Michael Craig,78,Nebraska,60k-90k,Good,720,B,36,2024-01-25,0.105,11000,357.53,357.53,2024-01-01
d3e90569-dd95-475b-b37e-79d4396f75fa,L1808,Michael Bell,20,Rhode Island,<30k,Very Good,746,B,36,2024-12-06,0.105,21000,682.55,682.55,2024-12-01
e88d35f5-b085-4099-8501-beaabc0acfcc,L1809,Mary Nelson,87,Utah,60k-90k,Good,690,C,36,2023-07-10,0.139,7500,255.97,255.97,2023-07-01
e88d35f5-b085-4099-8501-beaabc0acfcc,L1810,Mary Nelson,87,Utah,60k-90k,Good,690,C,36,2024-06-21,0.139,6000,204.77,204.77,2024-06-01
e0efec7d-74be-4c8b-a8f3-8399b1b67c59,L1811,Monica Perez,24,Hawaii,90k+,Fair,587,G,36,2024-09-27,0.298,35000,1481.97,1481.97,2024-09-01
e0efec7d-74be-4c8b-a8f3-8399b1b67c59,L1812,Monica Perez,24,Hawaii,90k+,Fair,587,G,36,2024-04-10,0.298,33500,1418.46,1418.46,2024-04-01
80ab5a37-1cc6-4988-ab17-e766beb7c81a,L1813,Pamela Mcintyre,62,West Virginia,<30k,Very Good,753,B,36,2023-05-08,0.105,31500,1023.83,1023.83,2023-05-01
e9c4cddd-db57-4ce9-a3d6-fc1be5aa2092,L1814,Jeremy Sexton,46,Hawaii,30k-60k,Very Good,792,A,36,2023-07-21,0.075,14000,435.49,435.49,2023-07-01
3fc0dda8-ff4b-4f60-b103-a979897c88a0,L1815,Vicki Bowers,26,Connecticut,30k-60k,Good,702,C,36,2024-01-01,0.139,20000,682.58,682.58,2024-01-01
94a833fb-2a41-4fb0-b522-7b5c38c475b0,L1816,Katrina Delgado,23,Idaho,60k-90k,Poor,543,G,36,2023-01-25,0.298,33500,1418.46,1418.46,2023-01-01
5d308bb9-ef11-4cd4-b055-9e1d898bd3f1,L1817,James Leon,21,Ohio,90k+,Good,682,D,36,2023-02-27,0.178,33000,1189.72,1189.72,2023-02-01
f3dfd9bd-f61e-474e-b855-4847d081b4c2,L1818,Timothy Sandoval,49,Oregon,60k-90k,Good,727,B,36,2023-02-24,0.105,34000,1105.08,1105.08,2023-02-01
8d478198-151b-4c43-b9c8-f9d6cb73c5de,L1819,Matthew Robinson,43,Minnesota,90k+,Very Good,787,A,36,2023-05-24,0.075,18000,559.91,559.91,2023-05-01
f41a8e92-d3e0-4e2a-b604-486914b6e364,L1820,Tonya Harvey,20,New Hampshire,30k-60k,Very Good,761,A,36,2023-06-13,0.075,36500,1135.38,1135.38,2023-06-01
f41a8e92-d3e0-4e2a-b604-486914b6e364,L1821,Tonya Harvey,20,New Hampshire,30k-60k,Very Good,761,A,36,2023-07-05,0.075,23500,731.0,731.0,2023-07-01
24eb2750-52d9-461d-96b2-15670c86866c,L1822,Annette Callahan,97,Connecticut,<30k,Very Good,756,B,36,2023-11-04,0.105,36500,1186.34,1186.34,2023-11-01
7291eae9-02dd-4f23-bc5a-a164c2aa12e2,L1823,Vickie Lynch,37,Michigan,<30k,Good,716,C,36,2024-06-30,0.139,37000,1262.78,1262.78,2024-06-01
6212e7b2-a2e6-441f-a98c-ed6d93dc9e48,L1824,Connor Wheeler,48,Illinois,60k-90k,Very Good,763,A,36,2024-06-02,0.075,2000,62.21,62.21,2024-06-01
490cc65e-9df2-45e5-9ad5-2feccd2db1a5,L1825,Abigail Brown,34,Iowa,90k+,Very Good,775,A,36,2023-10-21,0.075,3000,93.32,93.32,2023-10-01
490cc65e-9df2-45e5-9ad5-2feccd2db1a5,L1826,Abigail Brown,34,Iowa,90k+,Very Good,775,A,36,2023-12-07,0.075,29000,902.08,902.08,2023-12-01
88e9b30f-799d-4d8e-b9c2-68e438cc024b,L1827,Samantha Hopkins,78,Idaho,<30k,Good,702,C,36,2024-11-05,0.139,9000,307.16,307.16,2024-11-01
0cd7bfa2-9be5-4520-9039-d46acd08e151,L1828,Michael Bailey,32,Montana,<30k,Very Good,762,A,36,2023-10-30,0.075,26000,808.76,808.76,2023-10-01
b797d573-0486-4220-8741-3e370218ee9f,L1829,Brenda Sharp,90,Virginia,90k+,Excellent,801,A,36,2024-10-30,0.075,30500,948.74,948.74,2024-10-01
93c807e2-e5f0-4bad-9413-a3053f19fccd,L1830,Tara Ali,45,New Jersey,90k+,Very Good,766,A,36,2024-02-14,0.075,21500,668.78,668.78,2024-02-01
93c807e2-e5f0-4bad-9413-a3053f19fccd,L1831,Tara Ali,45,New Jersey,90k+,Very Good,766,A,36,2024-10-14,0.075,25500,793.21,793.21,2024-10-01
93c807e2-e5f0-4bad-9413-a3053f19fccd,L1832,Tara Ali,45,New Jersey,90k+,Very Good,766,A,36,2023-01-22,0.075,30000,933.19,933.19,2023-01-01
b6746e5e-e07f-4411-9186-9767d1cb0466,L1833,James Miller,77,Alabama,30k-60k,Very Good,747,B,36,2024-12-08,0.105,31000,1007.58,1007.58,2024-12-01
b6746e5e-e07f-4411-9186-9767d1cb0466,L1834,James Miller,77,Alabama,30k-60k,Very Good,747,B,36,2024-11-09,0.105,3500,113.76,113.76,2024-11-01
7f6c982b-f5e6-4405-a776-6d450591ecf5,L1835,Amber Terry,50,Oklahoma,30k-60k,Very Good,762,A,36,2024-12-07,0.075,3000,93.32,93.32,2024-12-01
6e8843e4-6326-4bbd-874f-dd1f2644e037,L1836,James Bray,65,Massachusetts,30k-60k,Good,695,C,36,2024-09-28,0.139,12500,426.61,426.61,2024-09-01
6e8843e4-6326-4bbd-874f-dd1f2644e037,L1837,James Bray,65,Massachusetts,30k-60k,Good,695,C,36,2023-09-13,0.139,37500,1279.84,1279.84,2023-09-01
b59feda6-3457-4a8b-a5ce-cc95c2ff4480,L1838,Joe Jacobson,39,Minnesota,90k+,Good,738,B,36,2024-06-12,0.105,21000,682.55,682.55,2024-06-01
4332e6dd-362d-46bd-b2e6-1d5d12a25224,L1839,Ms. Shannon Johnson,95,Hawaii,30k-60k,Good,692,C,36,2024-01-15,0.139,12000,409.55,409.55,2024-01-01
d31cf869-62dd-4bf1-ae8b-872c35e2a79b,L1840,Gwendolyn Mason,95,South Carolina,<30k,Very Good,789,A,36,2023-09-24,0.075,33000,1026.51,1026.51,2023-09-01
f6aa183d-b197-46ea-9949-19d3e97d48d0,L1841,Ryan Hardy,32,Wyoming,60k-90k,Very Good,758,B,36,2024-12-15,0.105,29000,942.57,942.57,2024-12-01
ff357b3f-0c66-42e2-bc8a-2c9313c59655,L1842,Joseph Norris,38,Texas,30k-60k,Good,715,C,36,2024-12-26,0.139,10000,341.29,341.29,2024-12-01
a591874c-4656-4075-89c2-43ca47e0b43b,L1843,Robert Ramirez,57,Texas,90k+,Excellent,820,A,36,2024-12-09,0.075,21500,668.78,668.78,2024-12-01
21b52e72-8068-4731-9ec1-58dc3648506e,L1844,Alicia Cardenas,31,Hawaii,<30k,Poor,561,G,36,2024-10-21,0.298,26500,1122.07,1122.07,2024-10-01
21b52e72-8068-4731-9ec1-58dc3648506e,L1845,Alicia Cardenas,31,Hawaii,<30k,Poor,561,G,36,2023-12-30,0.298,33000,1397.29,1397.29,2023-12-01
a2a98ced-c4b2-44ff-81b2-2889c73cf5fb,L1846,Bruce Atkins,92,Hawaii,60k-90k,Good,732,B,36,2024-08-21,0.105,8000,260.02,260.02,2024-08-01
a2a98ced-c4b2-44ff-81b2-2889c73cf5fb,L1847,Bruce Atkins,92,Hawaii,60k-90k,Good,732,B,36,2023-01-03,0.105,38500,1251.34,1251.34,2023-01-01
7865468b-efbe-48f4-b49c-52830de0b504,L1848,Eric Banks,21,Rhode Island,30k-60k,Excellent,849,A,36,2023-05-16,0.075,33000,1026.51,1026.51,2023-05-01
4ecdc16c-605a-4b46-9c37-9fa1d2c0e644,L1849,Sharon Hampton,57,Connecticut,90k+,Fair,637,E,36,2024-05-11,0.221,37500,1434.08,1434.08,2024-05-01
4ecdc16c-605a-4b46-9c37-9fa1d2c0e644,L1850,Sharon Hampton,57,Connecticut,90k+,Fair,637,E,36,2024-12-27,0.221,36500,1395.84,1395.84,2024-12-01
bbcca7d0-f8f7-4b8b-9f6c-a516ba4e6c16,L1851,Thomas Bailey,91,Alabama,30k-60k,Excellent,805,A,36,2024-03-09,0.075,38500,1197.59,1197.59,2024-03-01
22d1d59b-3854-4722-9bec-cb01406d9e0e,L1852,Donald Williams,66,Montana,30k-60k,Fair,628,F,36,2023-11-10,0.262,32000,1292.71,1292.71,2023-11-01
ed004eeb-afb6-46c2-853e-cc8f16758fa5,L1853,Carlos Fleming,68,Florida,30k-60k,Excellent,839,A,36,2024-07-22,0.075,32000,995.4,995.4,2024-07-01
ed004eeb-afb6-46c2-853e-cc8f16758fa5,L1854,Carlos Fleming,68,Florida,30k-60k,Excellent,839,A,36,2024-01-28,0.075,38000,1182.04,1182.04,2024-01-01
bb5cdbb0-d7e8-422d-8730-f1a6c57ee57a,L1855,Maxwell Williams,43,Washington,90k+,Good,706,C,36,2023-01-07,0.139,11000,375.42,375.42,2023-01-01
09b01655-f36b-4995-b323-d324ae08a6d7,L1856,Alicia Mcdonald,27,Wyoming,30k-60k,Very Good,769,A,36,2024-04-12,0.075,34000,1057.61,1057.61,2024-04-01
be06d366-b513-45dd-bd64-c658455c6dcd,L1857,Bradley Martin,93,Hawaii,<30k,Very Good,780,A,36,2023-08-10,0.075,4500,139.98,139.98,2023-08-01
4c707ebc-2160-47c0-90d6-1c5112607d9d,L1858,John Booth,98,New York,60k-90k,Excellent,809,A,36,2023-05-07,0.075,26500,824.31,824.31,2023-05-01
1cb17a3f-8a94-4410-a0ce-36660dd99391,L1859,Jacob Vaughn,49,New Mexico,30k-60k,Very Good,795,A,36,2023-10-16,0.075,18500,575.47,575.47,2023-10-01
1cb17a3f-8a94-4410-a0ce-36660dd99391,L1860,Jacob Vaughn,49,New Mexico,30k-60k,Very Good,795,A,36,2023-10-02,0.075,33500,1042.06,1042.06,2023-10-01
827c8f0c-63c0-46ac-a34f-9f9b6d546913,L1861,James Patrick,31,Nebraska,90k+,Good,691,C,36,2023-10-08,0.139,39500,1348.1,1348.1,2023-10-01
eca552b6-55db-40b4-b5e7-3216e2e7a2c5,L1862,Dustin Ferrell,56,Nevada,30k-60k,Very Good,780,A,36,2024-12-12,0.075,26000,808.76,808.76,2024-12-01
ced12e7a-be2c-4472-98a2-16f2a1283687,L1863,Nicholas Branch,94,Hawaii,<30k,Very Good,791,A,36,2024-01-12,0.075,24000,746.55,746.55,2024-01-01
8f73a6ea-b98f-480e-aff1-f6fbe9542ef1,L1864,Stephanie Watts,33,Florida,30k-60k,Excellent,821,A,36,2023-01-22,0.075,19500,606.57,606.57,2023-01-01
11d6cae7-f20e-41d3-befb-55deeccd1e33,L1865,John Huffman,90,Illinois,30k-60k,Excellent,826,A,36,2023-03-04,0.075,22000,684.34,684.34,2023-03-01
11d6cae7-f20e-41d3-befb-55deeccd1e33,L1866,John Huffman,90,Illinois,30k-60k,Excellent,826,A,36,2024-01-26,0.075,5000,155.53,155.53,2024-01-01
54e11a87-65d1-4b5c-9361-10b8c7ff8a05,L1867,Taylor Baker,23,New Jersey,90k+,Very Good,780,A,36,2023-12-17,0.075,3000,93.32,93.32,2023-12-01
54e11a87-65d1-4b5c-9361-10b8c7ff8a05,L1868,Taylor Baker,23,New Jersey,90k+,Very Good,780,A,36,2023-11-08,0.075,39500,1228.7,1228.7,2023-11-01
5e7934af-db8e-4a76-9251-392df77543f3,L1869,Colleen Klein,62,Georgia,<30k,Very Good,779,A,36,2023-11-10,0.075,4000,124.42,124.42,2023-11-01
1cc950c2-06fd-44ee-892a-da50bdd7364d,L1870,Laura Pitts,86,Alaska,30k-60k,Very Good,776,A,36,2024-02-24,0.075,9500,295.51,295.51,2024-02-01
c74cb055-9a24-43b0-9e02-0def47827c45,L1871,Dr. Jeffrey Nichols,72,Maine,<30k,Fair,631,E,36,2024-02-03,0.221,25000,956.06,956.06,2024-02-01
e7ea07e7-dc89-4cca-a09b-0a887efca4f2,L1872,Heidi Hernandez,65,North Dakota,30k-60k,Excellent,804,A,36,2024-11-14,0.075,24000,746.55,746.55,2024-11-01
3ca75ac7-2364-4440-8996-cee8bf62456d,L1873,Amy Williams,26,Indiana,30k-60k,Good,680,D,36,2023-10-18,0.178,39500,1424.06,1424.06,2023-10-01
36587cbc-5dfd-4f27-88a7-b929792bfb51,L1874,Sergio Henderson,82,Kansas,30k-60k,Very Good,750,B,36,2023-12-19,0.105,3000,97.51,97.51,2023-12-01
a84fc22a-96ec-459e-8996-5588e70196de,L1875,Timothy Mitchell,61,New York,60k-90k,Excellent,821,A,36,2024-01-12,0.075,23500,731.0,731.0,2024-01-01
c0d236bb-f6e6-4553-a192-ad8c9a5c8c94,L1876,Jeremy Espinoza,19,Wyoming,<30k,Very Good,754,B,36,2024-06-24,0.105,26000,845.06,845.06,2024-06-01
a1d1a23d-33a3-4394-870e-05f96ee95e86,L1877,Erica Hawkins,71,North Dakota,30k-60k,Excellent,820,A,36,2024-06-21,0.075,7500,233.3,233.3,2024-06-01
5b13a0d9-fb07-494d-ae68-197cc35a9c24,L1878,Courtney Kirk,80,Alaska,30k-60k,Excellent,820,A,36,2023-12-05,0.075,29000,902.08,902.08,2023-12-01
5b13a0d9-fb07-494d-ae68-197cc35a9c24,L1879,Courtney Kirk,80,Alaska,30k-60k,Excellent,820,A,36,2024-12-28,0.075,23500,731.0,731.0,2024-12-01
8a9da575-8e26-4e43-bc90-df681997f1e2,L1880,Megan Dickerson,31,North Dakota,60k-90k,Fair,663,D,36,2024-07-23,0.178,24500,883.28,883.28,2024-07-01
8a9da575-8e26-4e43-bc90-df681997f1e2,L1881,Megan Dickerson,31,North Dakota,60k-90k,Fair,663,D,36,2023-08-03,0.178,28000,1009.46,1009.46,2023-08-01
a9d46810-9ddc-4665-801a-bbaec5bab7eb,L1882,Melissa Prince,73,California,90k+,Very Good,758,B,36,2023-09-27,0.105,24000,780.06,780.06,2023-09-01
e05cafe0-aedc-4510-a88a-a2f982a2e0d6,L1883,Erica Daniels,64,Arizona,60k-90k,Good,704,C,36,2024-11-20,0.139,4500,153.58,153.58,2024-11-01
8611abf6-ccbf-42ba-b1bb-5a7cf60f4f6b,L1884,James Lamb,99,Missouri,30k-60k,Fair,657,E,36,2024-10-24,0.221,17000,650.12,650.12,2024-10-01
8611abf6-ccbf-42ba-b1bb-5a7cf60f4f6b,L1885,James Lamb,99,Missouri,30k-60k,Fair,657,E,36,2023-09-30,0.221,17000,650.12,650.12,2023-09-01
291059a2-f164-482e-a03b-8aeceda31bf1,L1886,Jamie Brooks,76,Maine,60k-90k,Good,720,B,36,2023-08-25,0.105,16500,536.29,536.29,2023-08-01
750404cc-d9ee-41aa-b0e2-c381153f21f6,L1887,Tonya Hernandez,37,South Carolina,90k+,Very Good,757,B,36,2023-07-26,0.105,21500,698.8,698.8,2023-07-01
94a8c596-cdfb-4e78-91da-3104fe4c70ad,L1888,Douglas Perez,73,Louisiana,<30k,Very Good,796,A,36,2024-07-03,0.075,40000,1244.25,1244.25,2024-07-01
cbebd51c-2e73-4998-9db9-9c653971b8ee,L1889,Amy Webb,40,Oklahoma,60k-90k,Fair,636,E,36,2023-03-20,0.221,6500,248.57,248.57,2023-03-01
74677c47-a7f8-4f94-bf7c-c1399db8186d,L1890,Julie Baldwin,84,Illinois,30k-60k,Fair,626,F,36,2024-05-10,0.262,5500,222.18,222.18,2024-05-01
42a9db16-a218-4639-8430-a36f976eb097,L1891,Joseph Hughes,52,Washington,60k-90k,Good,736,B,36,2024-08-16,0.105,21000,682.55,682.55,2024-08-01
4e39fbf7-c33a-4724-92c0-b18225fa9f9a,L1892,Sarah Brown,96,Alaska,60k-90k,Good,727,B,36,2024-01-06,0.105,8500,276.27,276.27,2024-01-01
aad4f0a5-b9fb-4860-9b0e-56268a339068,L1893,Sean Murray,86,Oklahoma,<30k,Excellent,826,A,36,2023-05-11,0.075,23000,715.44,715.44,2023-05-01
bf7bf642-2207-463b-8fea-08bf6619f5e9,L1894,Patrick Williams,79,Maryland,<30k,Good,691,C,36,2023-11-08,0.139,12000,409.55,409.55,2023-11-01
331477d8-bb2c-470b-a6f8-33cc7310acfb,L1895,Christopher Roman,77,Texas,90k+,Fair,603,F,36,2023-12-22,0.262,2500,100.99,100.99,2023-12-01
ec6e97be-7454-4520-acc2-b26d1165e534,L1896,Matthew Murphy,73,Texas,60k-90k,Very Good,794,A,36,2023-12-16,0.075,36500,1135.38,1135.38,2023-12-01
6a17b093-eacc-400f-b529-24996926d656,L1897,Brian Nunez,93,Wisconsin,30k-60k,Very Good,741,B,36,2023-12-26,0.105,22500,731.3,731.3,2023-12-01
6a17b093-eacc-400f-b529-24996926d656,L1898,Brian Nunez,93,Wisconsin,30k-60k,Very Good,741,B,36,2024-01-28,0.105,3500,113.76,113.76,2024-01-01
de5b645d-ddcf-45b2-97fd-92802421b5bd,L1899,Sheri Mason,52,South Dakota,<30k,Good,686,D,36,2024-05-04,0.178,31000,1117.62,1117.62,2024-05-01
ba2f0047-80f1-4048-b0c3-1cc08f78cace,L1900,Joseph Bell,59,Nevada,<30k,Fair,610,F,36,2024-08-10,0.262,28500,1151.32,1151.32,2024-08-01
d3a95854-7a40-4fea-b74e-eb6adf0189d2,L1901,Jose Odom,49,West Virginia,60k-90k,Very Good,782,A,36,2023-06-18,0.075,38000,1182.04,1182.04,2023-06-01
472f4259-0040-4d61-8226-efebcc9140b2,L1902,Donna Wright,29,Wyoming,30k-60k,Very Good,756,B,36,2024-06-07,0.105,34500,1121.33,1121.33,2024-06-01
6c09bbfb-e219-4eb6-bff9-1727bc90eaa9,L1903,Lisa Mueller,53,Arizona,90k+,Good,680,D,36,2023-07-26,0.178,28500,1027.49,1027.49,2023-07-01
09735c9b-944e-4700-8c32-392639f7951f,L1904,Robert Dawson,75,Ohio,<30k,Very Good,753,B,36,2024-01-24,0.105,18500,601.3,601.3,2024-01-01
1782cc76-9c3f-49ef-8a2c-db3e1590fbfc,L1905,Brian Harris,49,South Carolina,<30k,Very Good,750,B,36,2024-06-22,0.105,2500,81.26,81.26,2024-06-01
1782cc76-9c3f-49ef-8a2c-db3e1590fbfc,L1906,Brian Harris,49,South Carolina,<30k,Very Good,750,B,36,2023-05-10,0.105,32000,1040.08,1040.08,2023-05-01
1782cc76-9c3f-49ef-8a2c-db3e1590fbfc,L1907,Brian Harris,49,South Carolina,<30k,Very Good,750,B,36,2024-02-26,0.105,39500,1283.85,1283.85,2024-02-01
4f894c9e-47aa-405c-80ba-7b1b59146d5c,L1908,Jamie Mendoza,77,Wisconsin,30k-60k,Excellent,825,A,36,2023-12-02,0.075,2500,77.77,77.77,2023-12-01
da2d7eaa-4bb5-48f7-bbdf-5c6deffb6ebd,L1909,Toni Yates,90,New Jersey,30k-60k,Good,683,D,36,2023-12-14,0.178,21500,775.12,775.12,2023-12-01
6466768f-67ac-49fd-bd1b-eca219768408,L1910,Stuart Cross,96,Georgia,30k-60k,Good,682,D,36,2024-04-04,0.178,26000,937.36,937.36,2024-04-01
a356789f-19d2-48d9-bc01-af8f78e6c94c,L1911,Peter Stewart,66,Arizona,<30k,Very Good,744,B,36,2024-07-08,0.105,38500,1251.34,1251.34,2024-07-01
8d04b915-493b-4205-aa91-ad2e64dd80da,L1912,Samuel Holland,61,Nebraska,<30k,Excellent,830,A,36,2024-12-04,0.075,26500,824.31,824.31,2024-12-01
d70fdfce-abde-4803-a006-5d8fbd19a29a,L1913,Stephanie Moore,21,Florida,30k-60k,Excellent,835,A,36,2023-04-26,0.075,22000,684.34,684.34,2023-04-01
d70fdfce-abde-4803-a006-5d8fbd19a29a,L1914,Stephanie Moore,21,Florida,30k-60k,Excellent,835,A,36,2023-12-11,0.075,38500,1197.59,1197.59,2023-12-01
33bc45c7-53b1-4a58-b7e7-c82273ee5f25,L1915,Connie Barrett,81,South Dakota,30k-60k,Fair,586,G,36,2023-06-26,0.298,7500,317.57,317.57,2023-06-01
e21d79c8-ca5a-4be1-8a4a-d64d767a6b1c,L1916,Tina Ward,59,Oregon,30k-60k,Excellent,801,A,36,2023-05-27,0.075,33000,1026.51,1026.51,2023-05-01
e21d79c8-ca5a-4be1-8a4a-d64d767a6b1c,L1917,Tina Ward,59,Oregon,30k-60k,Excellent,801,A,36,2024-01-03,0.075,7500,233.3,233.3,2024-01-01
bf2e5633-fec8-42a1-bc62-346ef5f2bac3,L1918,James Hunt,41,South Dakota,90k+,Very Good,789,A,36,2023-08-01,0.075,14500,451.04,451.04,2023-08-01
d37690c2-827e-4660-ac90-3a6f9fb994da,L1919,Rodney Payne,80,Kansas,<30k,Very Good,765,A,36,2023-12-11,0.075,23000,715.44,715.44,2023-12-01
d37690c2-827e-4660-ac90-3a6f9fb994da,L1920,Rodney Payne,80,Kansas,<30k,Very Good,765,A,36,2023-08-19,0.075,33500,1042.06,1042.06,2023-08-01
519cc130-0800-4fbc-bda3-4c4458cb0dc4,L1921,Jessica Young,45,West Virginia,<30k,Excellent,833,A,36,2023-08-12,0.075,34000,1057.61,1057.61,2023-08-01
212860e9-0195-488f-b925-57f512df3303,L1922,Jennifer Cummings,63,Rhode Island,60k-90k,Very Good,788,A,36,2024-03-06,0.075,23500,731.0,731.0,2024-03-01
e4752ae9-3a5b-4208-a0e9-25cee69014d3,L1923,Nicole Pratt,51,Massachusetts,90k+,Good,680,D,36,2024-05-12,0.178,12000,432.63,432.63,2024-05-01
82b065c4-c04a-4aa8-b78b-933f7a74d192,L1924,Kyle Horn,61,Montana,<30k,Excellent,806,A,36,2024-11-19,0.075,20500,637.68,637.68,2024-11-01
c9d7e8f5-a481-4fff-a377-ae2f1382e77c,L1925,Haley Winters,53,Wyoming,90k+,Excellent,816,A,36,2023-05-14,0.075,25000,777.66,777.66,2023-05-01
c9d7e8f5-a481-4fff-a377-ae2f1382e77c,L1926,Haley Winters,53,Wyoming,90k+,Excellent,816,A,36,2023-01-10,0.075,29500,917.63,917.63,2023-01-01
12f0fbaf-ef01-4d17-beae-69d83692db92,L1927,Maria Maynard,94,Ohio,60k-90k,Good,689,D,36,2023-03-26,0.178,14000,504.73,504.73,2023-03-01
12f0fbaf-ef01-4d17-beae-69d83692db92,L1928,Maria Maynard,94,Ohio,60k-90k,Good,689,D,36,2023-06-14,0.178,33500,1207.75,1207.75,2023-06-01
d9e79a8b-6731-4b15-b07a-9a24db12a244,L1929,Tammy West,53,Florida,<30k,Good,680,D,36,2024-12-08,0.178,6000,216.31,216.31,2024-12-01
d9e79a8b-6731-4b15-b07a-9a24db12a244,L1930,Tammy West,53,Florida,<30k,Good,680,D,36,2023-12-23,0.178,36000,1297.88,1297.88,2023-12-01
1020cb35-facc-4ff5-82ce-62508f3de1b3,L1931,Brenda Lewis,89,Washington,60k-90k,Good,719,C,36,2023-08-29,0.139,15000,511.94,511.94,2023-08-01
e04358cc-1f26-4cc7-9b73-afa92a1e6803,L1932,Leonard Warren,19,North Dakota,60k-90k,Very Good,759,B,36,2023-05-22,0.105,20000,650.05,650.05,2023-05-01
a406229b-595a-4cbb-bdb8-b90cec5f4d2e,L1933,Larry Lambert,84,Connecticut,90k+,Fair,609,F,36,2024-10-09,0.262,18500,747.35,747.35,2024-10-01
4a1439fa-eb30-430e-a53b-7fb5c04d6595,L1934,John Mitchell,42,Oregon,<30k,Excellent,815,A,36,2023-06-03,0.075,4000,124.42,124.42,2023-06-01
0687f663-ad62-4c1f-bc1c-b57779e7d45a,L1935,Sheila Burnett,28,South Carolina,<30k,Very Good,787,A,36,2023-05-22,0.075,20500,637.68,637.68,2023-05-01
d3d7c184-3362-4114-9e80-fe1ef8b974a2,L1936,Mr. Kevin Brown DVM,48,Indiana,<30k,Excellent,818,A,36,2024-11-27,0.075,38500,1197.59,1197.59,2024-11-01
e6fafb1a-b4ff-4c4f-a711-21bc1426202f,L1937,David Davis,70,New York,<30k,Very Good,768,A,36,2024-10-14,0.075,27500,855.42,855.42,2024-10-01
786cc2f8-5fba-4898-ad2f-39d717c9e291,L1938,James Hughes,80,California,60k-90k,Poor,364,G,36,2024-07-08,0.298,16000,677.47,677.47,2024-07-01
0fa6dd49-a0b6-4f9d-964d-b058f57b7f4f,L1939,Donald Martinez,89,California,90k+,Very Good,748,B,36,2023-05-19,0.105,7000,227.52,227.52,2023-05-01
657b6662-4396-46f0-802f-6e43020d8d7e,L1940,Eddie Mccormick,48,South Dakota,90k+,Excellent,833,A,36,2023-12-11,0.075,39000,1213.14,1213.14,2023-12-01
13c0ca71-52fe-4c48-8ef7-b329b5868cd1,L1941,Kevin Serrano,78,Alaska,90k+,Poor,387,G,36,2024-03-12,0.298,7000,296.39,296.39,2024-03-01
df1316ec-c85c-4868-adfc-ed5c7e722ab4,L1942,Travis Davis,80,Montana,90k+,Excellent,801,A,36,2024-01-21,0.075,40000,1244.25,1244.25,2024-01-01
261eabc1-cb7d-4ac3-a6e0-32d490763dba,L1943,Thomas Hernandez,75,Virginia,60k-90k,Fair,584,G,36,2023-05-07,0.298,23000,973.87,973.87,2023-05-01
937d548e-c78f-4c1a-adc9-059a9671446a,L1944,Ruben Donaldson,20,Oregon,60k-90k,Good,715,C,36,2023-08-02,0.139,19000,648.45,648.45,2023-08-01
ee7c1eeb-b4c3-4a15-b387-790a44960af2,L1945,Rachel Fisher,29,Maine,60k-90k,Excellent,820,A,36,2023-11-25,0.075,5500,171.08,171.08,2023-11-01
ab8c8919-78eb-464f-bf9b-14c29ad3dd43,L1946,Lisa Horn,55,Idaho,30k-60k,Good,730,B,36,2024-02-20,0.105,38000,1235.09,1235.09,2024-02-01
ab8c8919-78eb-464f-bf9b-14c29ad3dd43,L1947,Lisa Horn,55,Idaho,30k-60k,Good,730,B,36,2024-07-05,0.105,36000,1170.09,1170.09,2024-07-01
e142a323-82b7-48f7-a118-555cbfb2a8dd,L1948,Alyssa Long,46,New Jersey,30k-60k,Excellent,829,A,36,2023-01-11,0.075,32000,995.4,995.4,2023-01-01
79c1a162-e45d-4bf5-a67f-534d7fb4d826,L1949,Michael Powers,69,West Virginia,<30k,Excellent,834,A,36,2024-01-28,0.075,29000,902.08,902.08,2024-01-01
79c1a162-e45d-4bf5-a67f-534d7fb4d826,L1950,Michael Powers,69,West Virginia,<30k,Excellent,834,A,36,2023-03-03,0.075,14500,451.04,451.04,2023-03-01
4cb7e511-c37e-4c0f-b296-1abbd0c1a33d,L1951,Kelly Wong,49,Idaho,60k-90k,Excellent,817,A,36,2023-12-30,0.075,24000,746.55,746.55,2023-12-01
ccdf0c2c-2f88-4f87-859f-6e099153b159,L1952,David Ferguson,57,Texas,60k-90k,Good,726,B,36,2024-03-11,0.105,6000,195.01,195.01,2024-03-01
04b43aae-4ced-491e-829e-e2b9238bed83,L1953,Angela Young,92,Kansas,<30k,Excellent,808,A,36,2024-10-08,0.075,21000,653.23,653.23,2024-10-01
6c22cb19-dbe1-401f-bfb4-940b8e600f19,L1954,Eric Adams,65,Louisiana,30k-60k,Excellent,844,A,36,2023-04-09,0.075,34000,1057.61,1057.61,2023-04-01
6c45e24b-f247-4961-982f-074a93826554,L1955,Natalie Woods,78,Georgia,<30k,Fair,649,E,36,2023-09-22,0.221,20500,783.97,783.97,2023-09-01
2c3f913a-f1c5-4be0-9806-96150a27b5a5,L1956,Tammy Parker,88,Delaware,90k+,Good,692,C,36,2024-03-05,0.139,29500,1006.81,1006.81,2024-03-01
2c3f913a-f1c5-4be0-9806-96150a27b5a5,L1957,Tammy Parker,88,Delaware,90k+,Good,692,C,36,2023-05-06,0.139,36500,1245.71,1245.71,2023-05-01
2bef99e5-d6a5-45fd-964a-db06dfddf039,L1958,Rodney Mcdaniel,85,California,90k+,Fair,655,E,36,2024-02-27,0.221,21500,822.21,822.21,2024-02-01
0304a221-b2e8-404a-8b76-7562ff694844,L1959,Crystal Spencer,62,Louisiana,<30k,Very Good,778,A,36,2024-07-08,0.075,14000,435.49,435.49,2024-07-01
0304a221-b2e8-404a-8b76-7562ff694844,L1960,Crystal Spencer,62,Louisiana,<30k,Very Good,778,A,36,2023-08-12,0.075,28000,870.97,870.97,2023-08-01
26e0988d-cf1d-4869-9bba-a0f67e84f802,L1961,Denise Mccormick,72,New York,30k-60k,Very Good,769,A,36,2023-12-17,0.075,27500,855.42,855.42,2023-12-01
c0af10b3-31ea-4e4f-9aad-700c663f5978,L1962,Brittany Morrison,88,Oklahoma,30k-60k,Fair,660,D,36,2023-01-02,0.178,17500,630.91,630.91,2023-01-01
3ae4f55a-8161-4119-9a1f-090b09f16f23,L1963,Michelle Powers,60,Michigan,60k-90k,Very Good,787,A,36,2024-03-24,0.075,35000,1088.72,1088.72,2024-03-01
71f15989-7166-4936-9dc8-140ab6b103a0,L1964,Kendra Henderson,63,Kentucky,30k-60k,Very Good,780,A,36,2024-11-02,0.075,30500,948.74,948.74,2024-11-01
a2d44ab2-e3da-40a0-b232-90434c5cfaaf,L1965,Erika Jones,76,North Carolina,90k+,Very Good,796,A,36,2024-07-05,0.075,37000,1150.93,1150.93,2024-07-01
0eba01d7-a471-44f7-93b8-ba8d23b79628,L1966,Maria Garcia,52,Vermont,<30k,Good,725,B,36,2024-06-01,0.105,13000,422.53,422.53,2024-06-01
f5a5a6b3-b029-436f-8ac7-9698e4ff9273,L1967,Stephanie Anthony,57,Mississippi,90k+,Fair,647,E,36,2023-09-26,0.221,2000,76.48,76.48,2023-09-01
4c36ae6a-fb98-455d-afbd-46fd4bc1e350,L1968,Katherine Miles,50,Arizona,<30k,Fair,661,D,36,2024-11-11,0.178,35000,1261.83,1261.83,2024-11-01
4c36ae6a-fb98-455d-afbd-46fd4bc1e350,L1969,Katherine Miles,50,Arizona,<30k,Fair,661,D,36,2023-02-21,0.178,13000,468.68,468.68,2023-02-01
4fc2687a-8b49-487b-bf26-2c44ceb96142,L1970,Wendy Brown,47,Indiana,30k-60k,Good,738,B,36,2024-07-22,0.105,39000,1267.6,1267.6,2024-07-01
1815f0c1-beb0-4b33-b21a-816dc7e092b7,L1971,Elizabeth Wilson,33,Connecticut,60k-90k,Fair,619,F,36,2024-08-15,0.262,33500,1353.31,1353.31,2024-08-01
7d4b40aa-610c-411d-927e-1f4a04940cde,L1972,Michelle Pope,42,Wisconsin,30k-60k,Very Good,798,A,36,2024-12-28,0.075,15000,466.59,466.59,2024-12-01
b64b4236-4a67-42eb-9f2e-8db6754b40ce,L1973,Nicholas Chung,58,Mississippi,30k-60k,Very Good,762,A,36,2023-10-11,0.075,31500,979.85,979.85,2023-10-01
b64b4236-4a67-42eb-9f2e-8db6754b40ce,L1974,Nicholas Chung,58,Mississippi,30k-60k,Very Good,762,A,36,2024-04-10,0.075,18500,575.47,575.47,2024-04-01
f8cf2698-67ce-425b-b977-19cb23e1dd45,L1975,Shelly Smith,33,South Dakota,30k-60k,Good,731,B,36,2024-10-28,0.105,36000,1170.09,1170.09,2024-10-01
3d67d1a2-30fd-42b3-aba4-d84b7f846d21,L1976,Dawn Norris,86,Washington,60k-90k,Poor,576,G,36,2023-06-04,0.298,29500,1249.09,1249.09,2023-06-01
16a1faed-09ca-41ec-a44f-2a8e4bbcc693,L1977,Ricky Torres,41,Alaska,<30k,Good,699,C,36,2024-08-27,0.139,38000,1296.91,1296.91,2024-08-01
2da1f2c2-ddc9-4a6e-b49a-f5bfc1d3f147,L1978,Peter Davis,42,Wyoming,30k-60k,Fair,591,G,36,2024-03-25,0.298,5000,211.71,211.71,2024-03-01
b99d1c2a-67aa-4512-9c3e-c509b8660bec,L1979,Shaun Peterson,45,Indiana,<30k,Excellent,828,A,36,2024-08-27,0.075,35000,1088.72,1088.72,2024-08-01
8beaa408-fee0-4bd3-885f-330521078173,L1980,Jerry Smith,79,Alabama,30k-60k,Very Good,759,B,36,2024-11-12,0.105,14000,455.03,455.03,2024-11-01
8beaa408-fee0-4bd3-885f-330521078173,L1981,Jerry Smith,79,Alabama,30k-60k,Very Good,759,B,36,2024-02-22,0.105,25000,812.56,812.56,2024-02-01
d88f5336-7cba-4c46-b639-4efbd8a3f92c,L1982,Brittany Daniel,53,Indiana,60k-90k,Good,716,C,36,2024-09-13,0.139,31500,1075.07,1075.07,2024-09-01
c15a8125-9093-4ae0-af5f-d68ccd131bbb,L1983,Cynthia Dunlap,93,Delaware,<30k,Good,722,B,36,2024-02-12,0.105,10500,341.28,341.28,2024-02-01
c15a8125-9093-4ae0-af5f-d68ccd131bbb,L1984,Cynthia Dunlap,93,Delaware,<30k,Good,722,B,36,2024-12-05,0.105,17000,552.54,552.54,2024-12-01
a3704e25-6101-4b6e-ac0d-a466674ea082,L1985,Bobby Gutierrez,85,Kentucky,90k+,Fair,613,F,36,2023-07-23,0.262,11000,444.37,444.37,2023-07-01
10b9f1af-8071-43e3-a788-afdd49ad3be2,L1986,Lindsey Romero,94,North Carolina,60k-90k,Excellent,809,A,36,2024-08-12,0.075,20500,637.68,637.68,2024-08-01
494bae8f-2e34-4a8f-b40a-b9ce28a58a12,L1987,Carl Brown,54,Minnesota,60k-90k,Fair,618,F,36,2024-02-29,0.262,29500,1191.72,1191.72,2024-02-01
494bae8f-2e34-4a8f-b40a-b9ce28a58a12,L1988,Carl Brown,54,Minnesota,60k-90k,Fair,618,F,36,2024-02-17,0.262,28000,1131.12,1131.12,2024-02-01
371997be-081a-474d-86a3-f23826e2efe6,L1989,Miss Taylor Leon,30,Florida,90k+,Good,671,D,36,2024-08-01,0.178,22000,793.15,793.15,2024-08-01
b930e828-413c-4fdf-a616-8730a5cc5e04,L1990,Leslie Thomas,42,Louisiana,<30k,Good,670,D,36,2024-02-18,0.178,5000,180.26,180.26,2024-02-01
458854ec-0f44-4755-b740-366205a6e254,L1991,Nicole Thompson,55,New Mexico,60k-90k,Good,736,B,36,2024-10-28,0.105,14500,471.29,471.29,2024-10-01
1f21e708-b3cc-4c6d-88cf-f0983d35dd33,L1992,Dana Scott,47,Ohio,90k+,Excellent,848,A,36,2023-04-02,0.075,28000,870.97,870.97,2023-04-01
02a4deab-a357-401e-b9f1-918536df351a,L1993,Gregory Clark,64,Minnesota,90k+,Excellent,808,A,36,2024-04-23,0.075,18500,575.47,575.47,2024-04-01
02a4deab-a357-401e-b9f1-918536df351a,L1994,Gregory Clark,64,Minnesota,90k+,Excellent,808,A,36,2024-11-09,0.075,20000,622.12,622.12,2024-11-01
b3ae1d60-73cd-4e4c-b174-77245bc83109,L1995,Rachel Thomas,40,Texas,60k-90k,Very Good,762,A,36,2023-11-09,0.075,11500,357.72,357.72,2023-11-01
42d720ba-3f05-436a-a5dd-4ef4e5191a4c,L1996,Daniel Reid,56,Alaska,30k-60k,Very Good,758,B,36,2023-06-24,0.105,18000,585.04,585.04,2023-06-01
358e9c73-922e-41f6-8736-90844b5c6f5b,L1997,Samuel Lawson,19,Missouri,<30k,Fair,640,E,36,2023-09-14,0.221,16500,631.0,631.0,2023-09-01
95437dda-8632-4c52-91f5-1895eab26ec6,L1998,John White,86,Colorado,90k+,Very Good,774,A,36,2023-09-26,0.075,27500,855.42,855.42,2023-09-01
a5badb5d-b19f-4624-af35-68473b9f0811,L1999,Hannah Wheeler,34,Nebraska,<30k,Very Good,740,B,36,2023-01-13,0.105,16500,536.29,536.29,2023-01-01
6648b984-2008-4716-a2eb-7167c3a33de4,L2000,Jennifer Jackson,53,Idaho,90k+,Fair,668,D,36,2024-12-04,0.178,8500,306.44,306.44,2024-12-01
dabc6822-7313-4efb-9b87-8abcb64c092d,L2001,Nicholas Walker,23,Indiana,60k-90k,Good,732,B,36,2023-04-29,0.105,11000,357.53,357.53,2023-04-01
f7f7526b-4ab6-4704-ac16-a61e0ac63fb4,L2002,Anthony Fitzpatrick,24,Utah,30k-60k,Good,731,B,36,2023-08-08,0.105,13500,438.78,438.78,2023-08-01
f7f7526b-4ab6-4704-ac16-a61e0ac63fb4,L2003,Anthony Fitzpatrick,24,Utah,30k-60k,Good,731,B,36,2024-12-02,0.105,3000,97.51,97.51,2024-12-01
62a88397-d4c6-4eaa-8a33-e3dbe5727d70,L2004,Jennifer Baxter,88,Ohio,<30k,Very Good,759,B,36,2023-06-13,0.105,17000,552.54,552.54,2023-06-01
d9aaa1f5-b828-44e0-bb12-d4a822d75b95,L2005,Matthew Jones,55,Connecticut,<30k,Excellent,800,A,36,2024-09-14,0.075,21500,668.78,668.78,2024-09-01
768a170c-7087-4214-b1ae-a303ca0d6be8,L2006,Kenneth Schwartz,34,Iowa,90k+,Very Good,789,A,36,2023-11-26,0.075,31500,979.85,979.85,2023-11-01
768a170c-7087-4214-b1ae-a303ca0d6be8,L2007,Kenneth Schwartz,34,Iowa,90k+,Very Good,789,A,36,2024-08-29,0.075,33000,1026.51,1026.51,2024-08-01
205df86a-67e5-4f3c-8ddf-c81e59eff825,L2008,Kim Smith,99,Mississippi,30k-60k,Good,725,B,36,2023-02-06,0.105,37500,1218.84,1218.84,2023-02-01
5b9f0b5e-b103-4c54-9201-8d4c062b61c8,L2009,Brittany Nelson,80,Hawaii,60k-90k,Good,707,C,36,2023-06-29,0.139,29500,1006.81,1006.81,2023-06-01
5b9f0b5e-b103-4c54-9201-8d4c062b61c8,L2010,Brittany Nelson,80,Hawaii,60k-90k,Good,707,C,36,2023-10-11,0.139,28500,972.68,972.68,2023-10-01
f6f5252d-dcc8-4fc0-914a-932d546a91c3,L2011,John Johnson,31,Arkansas,60k-90k,Excellent,838,A,36,2023-02-25,0.075,3500,108.87,108.87,2023-02-01
a5a85e85-be9b-49e2-926e-ee8966158546,L2012,Joseph Phillips,19,Oklahoma,<30k,Fair,609,F,36,2024-05-23,0.262,14000,565.56,565.56,2024-05-01
361dfa5c-1aaa-4081-a84b-cfccaa0d2b3d,L2013,Mrs. Jaime Lopez MD,91,Pennsylvania,60k-90k,Fair,580,G,36,2024-01-21,0.298,11500,486.93,486.93,2024-01-01
14f3f844-2972-438e-858e-c03ac47cb84a,L2014,Jennifer Ayala,54,Missouri,60k-90k,Very Good,775,A,36,2023-06-28,0.075,19000,591.02,591.02,2023-06-01
f80ec4d0-accb-41f3-a050-3bed05366403,L2015,Steven Martinez,78,New Jersey,60k-90k,Good,717,C,36,2023-04-29,0.139,10000,341.29,341.29,2023-04-01
ff1be868-ff7a-430b-bb15-813350504c89,L2016,Christine Gordon,79,North Dakota,<30k,Good,694,C,36,2023-11-10,0.139,3000,102.39,102.39,2023-11-01
3be4e48c-5123-4869-af88-792207af7ef6,L2017,Roy Holmes,74,Delaware,60k-90k,Very Good,766,A,36,2024-05-14,0.075,18000,559.91,559.91,2024-05-01
53a199d9-b1f5-4968-9bb7-444a269c76d0,L2018,Cindy Butler,61,Maine,90k+,Good,725,B,36,2024-11-19,0.105,19000,617.55,617.55,2024-11-01
1b240b44-fcf6-4cdb-81b0-9d089ada3ee2,L2019,Elizabeth Baker,41,Louisiana,30k-60k,Very Good,765,A,36,2023-02-15,0.075,37000,1150.93,1150.93,2023-02-01
1b240b44-fcf6-4cdb-81b0-9d089ada3ee2,L2020,Elizabeth Baker,41,Louisiana,30k-60k,Very Good,765,A,36,2024-08-18,0.075,12500,388.83,388.83,2024-08-01
7aa9a887-0673-450c-a8f9-76bedbbaa8b2,L2021,Dennis Garcia,24,Nebraska,90k+,Good,701,C,36,2024-08-16,0.139,4000,136.52,136.52,2024-08-01
d6135509-d3b8-46a6-9b81-404ce05d0c3a,L2022,Jennifer Garcia,50,Tennessee,<30k,Very Good,750,B,36,2023-06-13,0.105,33000,1072.58,1072.58,2023-06-01
5f7d1e28-635d-4807-9582-b3e6e1928d8b,L2023,Lisa Waters,79,Missouri,90k+,Very Good,785,A,36,2023-09-12,0.075,2500,77.77,77.77,2023-09-01
5f7d1e28-635d-4807-9582-b3e6e1928d8b,L2024,Lisa Waters,79,Missouri,90k+,Very Good,785,A,36,2024-09-08,0.075,4500,139.98,139.98,2024-09-01
5f7d1e28-635d-4807-9582-b3e6e1928d8b,L2025,Lisa Waters,79,Missouri,90k+,Very Good,785,A,36,2024-05-15,0.075,6500,202.19,202.19,2024-05-01
1d66d7b4-3098-4114-9d9b-6511bb050783,L2026,Michael Harvey,32,Arizona,<30k,Good,719,C,36,2024-12-23,0.139,21500,733.78,733.78,2024-12-01
082b0dde-3c9d-4aea-bab1-10837f11b19c,L2027,Ricky Gonzalez,26,Kansas,90k+,Excellent,824,A,36,2024-08-10,0.075,20500,637.68,637.68,2024-08-01
d6d3d5f5-ff67-442d-9e8b-7b4cfaf1fa07,L2028,Lisa Shelton,69,Texas,90k+,Poor,412,G,36,2023-12-14,0.298,5000,211.71,211.71,2023-12-01
8eeb1b16-d25b-4656-8816-80ba4e58575a,L2029,Danny Gonzales,80,Florida,30k-60k,Excellent,816,A,36,2024-06-20,0.075,27500,855.42,855.42,2024-06-01
bb042387-2142-4364-8edb-1d4a0570feb6,L2030,George Spence,27,Nebraska,<30k,Excellent,805,A,36,2024-01-26,0.075,25000,777.66,777.66,2024-01-01
5ba11679-2c62-4457-934a-fb8d313b852e,L2031,Matthew Hart,91,Washington,60k-90k,Good,724,B,36,2023-05-31,0.105,7000,227.52,227.52,2023-05-01
be4ae1cc-3d54-43bd-b2f6-ac327799edea,L2032,Frank Kelley,98,Missouri,60k-90k,Very Good,780,A,36,2023-12-24,0.075,27000,839.87,839.87,2023-12-01
f173028c-bd98-4123-ab26-7ed2fd2161a8,L2033,Heather Gonzales,24,Delaware,<30k,Fair,610,F,36,2024-03-02,0.262,10000,403.97,403.97,2024-03-01
f173028c-bd98-4123-ab26-7ed2fd2161a8,L2034,Heather Gonzales,24,Delaware,<30k,Fair,610,F,36,2024-11-24,0.262,16500,666.55,666.55,2024-11-01
7e2b07f8-c4a9-4970-b371-9c7a653fe1dd,L2035,Edward Blake,37,South Dakota,90k+,Good,736,B,36,2023-08-29,0.105,8500,276.27,276.27,2023-08-01
545cd141-aaaa-4b55-890d-d4fd1ecb7767,L2036,Anne Brewer,37,West Virginia,60k-90k,Very Good,788,A,36,2024-07-05,0.075,38500,1197.59,1197.59,2024-07-01
e48b5bf5-dc17-4a75-b2ac-4de70d22771a,L2037,John Clarke,90,Minnesota,60k-90k,Very Good,791,A,36,2023-10-16,0.075,34000,1057.61,1057.61,2023-10-01
e48b5bf5-dc17-4a75-b2ac-4de70d22771a,L2038,John Clarke,90,Minnesota,60k-90k,Very Good,791,A,36,2023-04-08,0.075,9000,279.96,279.96,2023-04-01
b9dc28e1-dafd-4658-8a3c-693035d81eb6,L2039,Tina Turner,56,Hawaii,30k-60k,Very Good,798,A,36,2023-07-07,0.075,35000,1088.72,1088.72,2023-07-01
f3e96afe-c86e-4077-af47-7999caaedc70,L2040,Kristy Ewing,28,Rhode Island,<30k,Good,704,C,36,2024-04-07,0.139,39000,1331.03,1331.03,2024-04-01
f3e96afe-c86e-4077-af47-7999caaedc70,L2041,Kristy Ewing,28,Rhode Island,<30k,Good,704,C,36,2024-02-24,0.139,35500,1211.58,1211.58,2024-02-01
8e0a197a-4f16-4c19-bf26-440d2b3a3a4a,L2042,Erica Parker,49,Utah,90k+,Good,706,C,36,2024-07-24,0.139,17500,597.26,597.26,2024-07-01
ab57be55-32df-4151-a1fe-7533d259e077,L2043,Elizabeth Gray,33,Wisconsin,30k-60k,Good,738,B,36,2023-10-13,0.105,33500,1088.83,1088.83,2023-10-01
86ffb750-2db3-46dd-ba6f-e1be77339151,L2044,Tiffany Lin,89,Arizona,30k-60k,Very Good,791,A,36,2024-12-07,0.075,7000,217.74,217.74,2024-12-01
85bf6045-4600-4a58-80f0-c0f6c59f4e44,L2045,Cassandra Chung,71,New Jersey,60k-90k,Fair,614,F,36,2023-05-21,0.262,16500,666.55,666.55,2023-05-01
4ceb08c2-003c-4de1-b099-e9cd78be527b,L2046,Patricia Robertson,95,Montana,<30k,Excellent,826,A,36,2023-09-06,0.075,9000,279.96,279.96,2023-09-01
5d7f5ee7-f7e6-4046-b372-8a072448db06,L2047,Nancy Little,94,Illinois,30k-60k,Poor,396,G,36,2024-08-12,0.298,21500,910.36,910.36,2024-08-01
8a54039a-4a24-40ba-89e0-29e1467af435,L2048,Peter Coleman,97,Missouri,30k-60k,Good,678,D,36,2023-11-18,0.178,22500,811.17,811.17,2023-11-01
2a637e40-0e8b-4ba6-b7c5-df13425135b1,L2049,Spencer Ellis,46,Florida,30k-60k,Good,693,C,36,2023-02-04,0.139,39500,1348.1,1348.1,2023-02-01
327f13a5-e692-4c5f-8f1f-ad8275c77a8e,L2050,James Ramos,84,Colorado,<30k,Good,687,D,36,2024-03-02,0.178,26500,955.38,955.38,2024-03-01
327f13a5-e692-4c5f-8f1f-ad8275c77a8e,L2051,James Ramos,84,Colorado,<30k,Good,687,D,36,2024-02-05,0.178,16500,594.86,594.86,2024-02-01
327f13a5-e692-4c5f-8f1f-ad8275c77a8e,L2052,James Ramos,84,Colorado,<30k,Good,687,D,36,2023-11-09,0.178,28500,1027.49,1027.49,2023-11-01
7f3bfc5e-bb35-4f9e-ae97-32ac4586692a,L2053,Alexis Walsh,66,Illinois,90k+,Excellent,818,A,36,2024-04-08,0.075,15500,482.15,482.15,2024-04-01
16d59fb6-f6de-46ea-9a2c-24ba22652466,L2054,Lindsey Mullen,75,Missouri,30k-60k,Good,684,D,36,2024-02-18,0.178,10500,378.55,378.55,2024-02-01
3e5c21d7-2ab3-4607-89e8-966b6e09feed,L2055,Michelle Paul,74,Arizona,90k+,Very Good,780,A,36,2023-06-18,0.075,8000,248.85,248.85,2023-06-01
d013c00b-f00b-4f03-af47-8fcf7f6f1cd4,L2056,Teresa Nguyen,56,Rhode Island,30k-60k,Fair,638,E,36,2023-11-21,0.221,12500,478.03,478.03,2023-11-01
900374c9-475c-4715-b54b-d00dd725d67c,L2057,Tanya Ferguson,93,Idaho,30k-60k,Good,727,B,36,2023-04-01,0.105,15000,487.54,487.54,2023-04-01
4ca1a4c3-e639-4e2e-8bed-d1f38fa53ae5,L2058,Allen Woodard,72,California,90k+,Excellent,817,A,36,2024-09-25,0.075,19000,591.02,591.02,2024-09-01
f3437536-0f78-4242-b756-b4ad0ee220c9,L2059,Katherine Carter,57,Pennsylvania,60k-90k,Fair,669,D,36,2023-10-13,0.178,30000,1081.56,1081.56,2023-10-01
89ef09aa-057f-4592-8ecd-54a258922961,L2060,Karen Bernard,90,Missouri,<30k,Very Good,779,A,36,2024-02-21,0.075,28000,870.97,870.97,2024-02-01
f4d13d83-88dc-4df0-a5b2-d40673e4a3cc,L2061,Denise Roberts,97,Alaska,<30k,Poor,551,G,36,2023-12-10,0.298,17500,740.99,740.99,2023-12-01
a0264cf6-4e81-4b9c-b7eb-df3d8e3e3e39,L2062,Barbara Russell,25,Maryland,<30k,Good,694,C,36,2024-04-24,0.139,39500,1348.1,1348.1,2024-04-01
c66955d6-f94d-4a84-9c0d-f5902d1a38f6,L2063,Alan Blackburn,96,Idaho,30k-60k,Excellent,820,A,36,2024-07-23,0.075,4500,139.98,139.98,2024-07-01
6697c4a1-63c1-45ea-a54a-4cabe7af14de,L2064,Alexander Warren,30,South Carolina,<30k,Excellent,801,A,36,2024-12-17,0.075,33000,1026.51,1026.51,2024-12-01
c4445fac-6a91-4c7a-8428-adcb30f04ac8,L2065,Michael Hester,44,Montana,<30k,Good,689,D,36,2023-08-20,0.178,36000,1297.88,1297.88,2023-08-01
6773a09a-6706-4166-93e3-ced1b6b637d8,L2066,Benjamin Clark,98,Georgia,90k+,Good,676,D,36,2024-03-08,0.178,25500,919.33,919.33,2024-03-01
64b1ae23-3b11-47f0-8412-14c8fe785ce7,L2067,Antonio Barrett,45,Maine,90k+,Very Good,774,A,36,2023-04-12,0.075,8500,264.4,264.4,2023-04-01
46107738-e0cd-4a05-9ae1-bfc9c592399f,L2068,Tina Wyatt,51,New York,30k-60k,Very Good,741,B,36,2023-09-24,0.105,21500,698.8,698.8,2023-09-01
926a6420-4157-46aa-b606-cefeed1892cf,L2069,Ryan Alexander,28,Idaho,90k+,Good,693,C,36,2024-08-25,0.139,37000,1262.78,1262.78,2024-08-01
22421881-540b-49e6-8183-5b5a160a3d7d,L2070,Linda Palmer,38,Missouri,90k+,Good,683,D,36,2023-11-27,0.178,29000,1045.51,1045.51,2023-11-01
8ba2e5c4-5659-425b-8b14-6cd4a23a5e50,L2071,Felicia Green,48,Illinois,90k+,Very Good,758,B,36,2024-12-27,0.105,32000,1040.08,1040.08,2024-12-01
de3ef0f8-dfd4-4550-95c7-4060cd40f584,L2072,Derek Chambers,40,Massachusetts,90k+,Very Good,757,B,36,2024-03-24,0.105,17000,552.54,552.54,2024-03-01
c596b524-01bc-420e-9b53-4a00994192a4,L2073,Steven Johnson,88,Ohio,60k-90k,Fair,596,G,36,2023-06-20,0.298,19000,804.5,804.5,2023-06-01
d0c7a3aa-1f9b-4f8c-a0cb-a1f425616941,L2074,Parker Cook,27,Oklahoma,<30k,Fair,636,E,36,2023-01-11,0.221,10500,401.54,401.54,2023-01-01
f7e4c661-0aa3-4562-9214-69daf0af38a2,L2075,Amy Pearson,38,Idaho,<30k,Fair,581,G,36,2023-04-23,0.298,25000,1058.55,1058.55,2023-04-01
ef9c69cb-108c-4cd5-a6cb-c7bc6c2017cd,L2076,Melissa Coffey,18,Utah,90k+,Excellent,814,A,36,2024-05-19,0.075,32000,995.4,995.4,2024-05-01
ef9c69cb-108c-4cd5-a6cb-c7bc6c2017cd,L2077,Melissa Coffey,18,Utah,90k+,Excellent,814,A,36,2023-08-27,0.075,25000,777.66,777.66,2023-08-01
72696f56-a2fb-478f-8b47-eb43e0917e8e,L2078,Jose Johnson,70,New Hampshire,30k-60k,Excellent,805,A,36,2023-12-19,0.075,21000,653.23,653.23,2023-12-01
ab6b96b4-c327-4f6e-b258-1c8161d03efa,L2079,Catherine Ferguson,75,New Mexico,90k+,Fair,599,G,36,2023-06-06,0.298,2500,105.86,105.86,2023-06-01
e251922d-81af-441b-9cd5-d52147b8c185,L2080,Alexander Dean,94,Massachusetts,30k-60k,Good,671,D,36,2023-11-12,0.178,3500,126.18,126.18,2023-11-01
dc3acf05-aba3-4cbc-b80e-6f1faea199fa,L2081,Jared Lowe,78,Louisiana,<30k,Very Good,771,A,36,2023-02-16,0.075,4500,139.98,139.98,2023-02-01
dc3acf05-aba3-4cbc-b80e-6f1faea199fa,L2082,Jared Lowe,78,Louisiana,<30k,Very Good,771,A,36,2024-04-13,0.075,16500,513.25,513.25,2024-04-01
a934dca6-db96-4985-96fe-958af92fa004,L2083,Brenda Diaz,55,Minnesota,30k-60k,Very Good,753,B,36,2024-07-14,0.105,17500,568.79,568.79,2024-07-01
a934dca6-db96-4985-96fe-958af92fa004,L2084,Brenda Diaz,55,Minnesota,30k-60k,Very Good,753,B,36,2023-01-03,0.105,37000,1202.59,1202.59,2023-01-01
c1e80cc2-c158-4531-9bb1-eededdc9b115,L2085,William Herrera,22,New Jersey,30k-60k,Very Good,761,A,36,2023-03-09,0.075,26000,808.76,808.76,2023-03-01
29521453-16da-4d45-b133-d44e0ad26573,L2086,Kayla Johnson,47,Nebraska,<30k,Very Good,766,A,36,2023-08-12,0.075,21500,668.78,668.78,2023-08-01
7538b39a-f766-4c38-a12e-27c4363b1695,L2087,Erin Andersen,54,Idaho,60k-90k,Good,709,C,36,2023-04-10,0.139,25000,853.23,853.23,2023-04-01
3c2c35e6-7405-4d4a-bea1-cb4bb22ce473,L2088,Jennifer Hall,54,New Mexico,<30k,Good,733,B,36,2023-07-19,0.105,9000,292.52,292.52,2023-07-01
d12088a5-31a8-4738-b37b-2fe24625f570,L2089,Meagan Brown,76,Wisconsin,30k-60k,Excellent,823,A,36,2023-03-27,0.075,36000,1119.82,1119.82,2023-03-01
845c2bd3-e199-4991-a8f4-e55c3efc5b41,L2090,Benjamin Myers,27,Washington,60k-90k,Good,729,B,36,2023-11-16,0.105,16500,536.29,536.29,2023-11-01
db000da9-3c6e-43ca-9980-fc4a8841c84b,L2091,Leslie May,47,Colorado,90k+,Good,674,D,36,2023-01-05,0.178,30000,1081.56,1081.56,2023-01-01
3c3f90f8-9761-44af-a94e-f257cef5cd4e,L2092,Shelley Baker,51,Mississippi,60k-90k,Excellent,821,A,36,2024-04-11,0.075,26500,824.31,824.31,2024-04-01
1fd41af5-7add-4fbd-a3ca-e476e715b9f8,L2093,Zachary Flores,98,New Mexico,30k-60k,Fair,590,G,36,2024-08-16,0.298,1500,63.51,63.51,2024-08-01
da4d1318-efa7-44b2-bfc4-8d237dcccd16,L2094,Janet Cruz,93,Oregon,<30k,Very Good,793,A,36,2024-05-07,0.075,27000,839.87,839.87,2024-05-01
2635f487-0618-4090-b361-0b286fd090c5,L2095,Sean Castro,43,Idaho,<30k,Fair,598,G,36,2023-04-10,0.298,17500,740.99,740.99,2023-04-01
a44fcfe5-29e2-4deb-9ad9-3c7213d18610,L2096,Joseph Leonard,72,Georgia,<30k,Very Good,743,B,36,2023-04-12,0.105,20500,666.3,666.3,2023-04-01
a44fcfe5-29e2-4deb-9ad9-3c7213d18610,L2097,Joseph Leonard,72,Georgia,<30k,Very Good,743,B,36,2024-11-05,0.105,7000,227.52,227.52,2024-11-01
a44fcfe5-29e2-4deb-9ad9-3c7213d18610,L2098,Joseph Leonard,72,Georgia,<30k,Very Good,743,B,36,2024-03-07,0.105,16500,536.29,536.29,2024-03-01
6444d247-5fae-4459-ad26-f1b7f1b75d65,L2099,Margaret Dickerson,32,Pennsylvania,30k-60k,Very Good,757,B,36,2023-05-08,0.105,20500,666.3,666.3,2023-05-01
03a44b95-c549-42e1-b252-7f7d9ba13cff,L2100,Angela George,87,California,30k-60k,Fair,630,E,36,2023-09-25,0.221,15000,573.63,573.63,2023-09-01
03a44b95-c549-42e1-b252-7f7d9ba13cff,L2101,Angela George,87,California,30k-60k,Fair,630,E,36,2024-02-07,0.221,11500,439.79,439.79,2024-02-01
9fd9034c-ca0f-4eb7-9afb-429e9d0411e9,L2102,Krystal Fowler,46,Florida,30k-60k,Poor,336,G,36,2024-04-02,0.298,30000,1270.26,1270.26,2024-04-01
eaff552c-020f-4d08-926d-8f3e12b5b177,L2103,Kathy Gonzales,37,Indiana,<30k,Fair,649,E,36,2024-11-23,0.221,22000,841.33,841.33,2024-11-01
1473cd8a-1153-42ad-a84a-5b505ecbcc18,L2104,Diane Bowman,52,Nevada,<30k,Poor,540,G,36,2024-02-25,0.298,27500,1164.41,1164.41,2024-02-01
e95f4016-c3e5-4693-a858-45f141c233f4,L2105,Alexandria Jackson,36,Oklahoma,60k-90k,Good,693,C,36,2024-09-08,0.139,3000,102.39,102.39,2024-09-01
943f30b9-c0af-41e0-ab33-bb5660c8e756,L2106,Drew Gray,27,Florida,30k-60k,Good,694,C,36,2023-03-19,0.139,19000,648.45,648.45,2023-03-01
b68b0f99-273e-4915-ab19-1ec41e6ea4c9,L2107,Kimberly Thompson,25,New Hampshire,30k-60k,Very Good,797,A,36,2024-06-30,0.075,6000,186.64,186.64,2024-06-01
a52ccead-4c26-4e51-af67-a2caf0439882,L2108,Jacob Kerr,39,New York,30k-60k,Excellent,816,A,36,2024-04-26,0.075,33000,1026.51,1026.51,2024-04-01
a52ccead-4c26-4e51-af67-a2caf0439882,L2109,Jacob Kerr,39,New York,30k-60k,Excellent,816,A,36,2023-12-05,0.075,32000,995.4,995.4,2023-12-01
a75185f9-1ff8-45eb-80fe-5308f3b3fd7a,L2110,Thomas Quinn,57,Maine,30k-60k,Good,718,C,36,2023-01-11,0.139,28000,955.61,955.61,2023-01-01
606d95c8-fbf7-4563-944c-ea5fbb2de166,L2111,Richard Thomas,94,Montana,60k-90k,Good,671,D,36,2024-03-16,0.178,23000,829.2,829.2,2024-03-01
69f4aef2-401d-43f6-9f01-9481e8fe202d,L2112,Henry Morrison,90,Pennsylvania,90k+,Very Good,747,B,36,2023-01-20,0.105,28500,926.32,926.32,2023-01-01
69f4aef2-401d-43f6-9f01-9481e8fe202d,L2113,Henry Morrison,90,Pennsylvania,90k+,Very Good,747,B,36,2024-03-13,0.105,7500,243.77,243.77,2024-03-01
47f44b5f-c3fe-4747-8c3b-b01a41765c36,L2114,Heidi Mckay,54,Nevada,60k-90k,Excellent,849,A,36,2023-08-20,0.075,11500,357.72,357.72,2023-08-01
1ff2dee7-58e6-4886-a890-c53b10a68564,L2115,Michael Gardner,74,Mississippi,60k-90k,Very Good,785,A,36,2023-06-27,0.075,18000,559.91,559.91,2023-06-01
1ff2dee7-58e6-4886-a890-c53b10a68564,L2116,Michael Gardner,74,Mississippi,60k-90k,Very Good,785,A,36,2023-11-27,0.075,34000,1057.61,1057.61,2023-11-01
11fea68b-1654-4b93-b033-486215c51b6b,L2117,John Long,33,Montana,<30k,Fair,611,F,36,2024-04-13,0.262,5500,222.18,222.18,2024-04-01
3f25e0de-51f3-4e28-aa65-4e2c4186d297,L2118,Amy Diaz,77,Arizona,<30k,Excellent,824,A,36,2024-11-20,0.075,24000,746.55,746.55,2024-11-01
3322eb74-dac6-446c-953b-702bfa234430,L2119,Alan Russell,56,Louisiana,30k-60k,Good,726,B,36,2023-08-26,0.105,28500,926.32,926.32,2023-08-01
6a8fe754-1680-47dc-a02c-cf37894587dd,L2120,Justin Harris,69,Hawaii,90k+,Good,701,C,36,2023-04-06,0.139,37000,1262.78,1262.78,2023-04-01
6a8fe754-1680-47dc-a02c-cf37894587dd,L2121,Justin Harris,69,Hawaii,90k+,Good,701,C,36,2024-07-25,0.139,22500,767.9,767.9,2024-07-01
c518b60f-6040-4878-82db-667ee5572935,L2122,Thomas Hayes,52,Ohio,60k-90k,Very Good,787,A,36,2024-10-21,0.075,30500,948.74,948.74,2024-10-01
72ffa419-5a5c-4460-b19e-d5c9c64084d1,L2123,Anthony Mata DVM,82,Nevada,30k-60k,Good,674,D,36,2023-08-21,0.178,3000,108.16,108.16,2023-08-01
e421ab75-73f7-4466-9010-3b37fe5a87bc,L2124,Eugene Preston,87,North Dakota,<30k,Excellent,812,A,36,2023-09-24,0.075,4500,139.98,139.98,2023-09-01
f0d39a0d-eec5-4aeb-82ac-d0793550975b,L2125,Patricia Johnson,81,Hawaii,60k-90k,Very Good,769,A,36,2023-07-20,0.075,13000,404.38,404.38,2023-07-01
1c0c76b1-3012-42b2-9800-8d0dccafcd3f,L2126,Shirley Walker,74,Alaska,30k-60k,Good,682,D,36,2023-05-27,0.178,30000,1081.56,1081.56,2023-05-01
6a2c4c2f-53c5-4dbe-838e-df2d49df1f0b,L2127,Gary Waters,28,Michigan,<30k,Very Good,773,A,36,2023-03-26,0.075,10000,311.06,311.06,2023-03-01
f610a7ef-ec23-4cbf-a74c-0faf45541975,L2128,Yvette Anderson,94,Idaho,<30k,Fair,665,D,36,2023-04-15,0.178,1000,36.05,36.05,2023-04-01
f610a7ef-ec23-4cbf-a74c-0faf45541975,L2129,Yvette Anderson,94,Idaho,<30k,Fair,665,D,36,2024-10-24,0.178,27500,991.43,991.43,2024-10-01
05ca77d1-a42f-4560-876f-24514a75b38b,L2130,Jessica Watkins,23,New York,60k-90k,Excellent,813,A,36,2024-10-16,0.075,14000,435.49,435.49,2024-10-01
d8fad670-5287-404e-9bec-0b22517eba7a,L2131,Ian Henderson,73,Maryland,90k+,Fair,640,E,36,2023-07-31,0.221,21000,803.09,803.09,2023-07-01
94cbeea4-a82d-4b67-8f37-2922010b3f86,L2132,Julia Reynolds,59,Rhode Island,60k-90k,Fair,629,F,36,2024-06-06,0.262,21500,868.54,868.54,2024-06-01
4808a84c-fee8-4bf4-9471-b110b91360b0,L2133,Melvin Liu,95,Georgia,<30k,Very Good,783,A,36,2023-07-06,0.075,38500,1197.59,1197.59,2023-07-01
ff8aa60a-7a7e-4fed-a843-5684553acebc,L2134,Amy Howard,50,West Virginia,90k+,Excellent,819,A,36,2024-11-30,0.075,6500,202.19,202.19,2024-11-01
d2180f58-5179-4761-9d2b-c39a1c57bd9d,L2135,Ashley Miller,21,Wisconsin,<30k,Very Good,799,A,36,2023-04-08,0.075,8500,264.4,264.4,2023-04-01
f2413fdf-c39e-4d52-85ab-32ad4ba7df38,L2136,Tommy Dickerson,29,New York,90k+,Fair,621,F,36,2024-09-29,0.262,11500,464.57,464.57,2024-09-01
f2413fdf-c39e-4d52-85ab-32ad4ba7df38,L2137,Tommy Dickerson,29,New York,90k+,Fair,621,F,36,2023-11-08,0.262,17500,706.95,706.95,2023-11-01
e91aa97f-2e84-4d05-9cc1-aeeeeb80c710,L2138,Michael Alvarado,47,Wisconsin,30k-60k,Very Good,750,B,36,2023-10-15,0.105,35000,1137.59,1137.59,2023-10-01
bdc80615-8164-4e4c-b741-570fea0072c4,L2139,Bryan Daniel,91,Virginia,30k-60k,Poor,321,G,36,2024-06-28,0.298,9500,402.25,402.25,2024-06-01
835af002-0d05-4c25-9283-ba7670a62eb7,L2140,Marilyn Schroeder,93,New York,60k-90k,Excellent,847,A,36,2024-07-20,0.075,40000,1244.25,1244.25,2024-07-01
8eba0fc9-c61c-4ff1-88da-6769b64e6cf1,L2141,Richard Ray,20,Michigan,90k+,Poor,566,G,36,2024-02-18,0.298,28000,1185.58,1185.58,2024-02-01
8eba0fc9-c61c-4ff1-88da-6769b64e6cf1,L2142,Richard Ray,20,Michigan,90k+,Poor,566,G,36,2024-12-20,0.298,22000,931.53,931.53,2024-12-01
08d3f0bb-d2ca-48de-9d03-1bd9ac437a6d,L2143,Olivia Tucker,52,West Virginia,60k-90k,Poor,362,G,36,2023-02-06,0.298,30500,1291.43,1291.43,2023-02-01
21089eac-826f-475a-a4da-4b9dc36dfc17,L2144,Jason Brooks,91,Massachusetts,60k-90k,Good,702,C,36,2024-12-11,0.139,32500,1109.2,1109.2,2024-12-01
e8f9e8b4-ae61-4946-bae4-2c593421df54,L2145,Michelle Nichols,23,Vermont,60k-90k,Excellent,830,A,36,2024-08-18,0.075,9500,295.51,295.51,2024-08-01
f483409b-c399-4ef3-b251-f353c912571c,L2146,Michael Krause,40,Maine,30k-60k,Fair,661,D,36,2024-03-06,0.178,18000,648.94,648.94,2024-03-01
dd3aac7b-172c-43dd-b40e-2e6521369ed3,L2147,Michael Carlson,78,Delaware,60k-90k,Excellent,819,A,36,2024-05-27,0.075,12500,388.83,388.83,2024-05-01
9f98e1ab-a91f-472c-9377-4f20f0778e99,L2148,Tara Hodges,84,Connecticut,30k-60k,Poor,401,G,36,2023-06-07,0.298,40000,1693.68,1693.68,2023-06-01
c76dc0c6-0b79-4d56-b127-18d948612eca,L2149,Michael Allen,74,Utah,<30k,Excellent,823,A,36,2024-07-24,0.075,22500,699.89,699.89,2024-07-01
5a90457e-2660-4b60-b1f1-a15fd779dc37,L2150,Scott Johnson,53,Illinois,30k-60k,Very Good,796,A,36,2023-05-27,0.075,19500,606.57,606.57,2023-05-01
2806870d-b51f-4b6f-bf9c-c12ce7b33337,L2151,Kelsey Stark,41,Maryland,<30k,Very Good,743,B,36,2024-11-13,0.105,14000,455.03,455.03,2024-11-01
4f0ef0a2-37b6-4960-b92a-35181d1f8884,L2152,Dawn Jones,92,Missouri,30k-60k,Good,697,C,36,2023-11-12,0.139,6500,221.84,221.84,2023-11-01
4f0ef0a2-37b6-4960-b92a-35181d1f8884,L2153,Dawn Jones,92,Missouri,30k-60k,Good,697,C,36,2024-11-24,0.139,28000,955.61,955.61,2024-11-01
efd3b03f-6ad6-4ddf-b7c5-5bf0e8e8006c,L2154,Michael Mcguire,73,Idaho,30k-60k,Good,684,D,36,2023-08-14,0.178,25000,901.3,901.3,2023-08-01
24c684f6-b3d0-4553-8e7b-ce2b5a313643,L2155,Michelle Douglas,99,Nevada,90k+,Excellent,815,A,36,2024-09-27,0.075,13000,404.38,404.38,2024-09-01
10a4c0b7-dbb8-440f-b9a3-f337f79ba183,L2156,Mrs. Lisa Bates,80,Arkansas,90k+,Good,725,B,36,2023-12-24,0.105,27000,877.57,877.57,2023-12-01
10a4c0b7-dbb8-440f-b9a3-f337f79ba183,L2157,Mrs. Lisa Bates,80,Arkansas,90k+,Good,725,B,36,2024-10-01,0.105,25500,828.81,828.81,2024-10-01
3b4fd559-64bc-4ae9-bdb5-93b0822be0ca,L2158,Lindsay Williams,29,Missouri,60k-90k,Excellent,820,A,36,2024-06-01,0.075,38500,1197.59,1197.59,2024-06-01
bed4db69-38c8-4243-9aff-d32ead649492,L2159,Evan Washington,78,Arizona,60k-90k,Very Good,740,B,36,2024-04-08,0.105,15500,503.79,503.79,2024-04-01
9687a985-4711-4136-b82e-332afba0a4bc,L2160,Katherine Moody,62,Hawaii,30k-60k,Fair,601,F,36,2024-07-10,0.262,2500,100.99,100.99,2024-07-01
e160644c-87ba-4a8c-b5ab-1c80360033cf,L2161,Timothy Hall,70,Mississippi,60k-90k,Very Good,790,A,36,2024-12-07,0.075,2500,77.77,77.77,2024-12-01
c4279452-1ab9-4813-990f-ac468dcf6b6f,L2162,Daniel Dominguez,60,Georgia,90k+,Fair,615,F,36,2024-11-28,0.262,37500,1514.9,1514.9,2024-11-01
efd53c9d-263e-42e6-9c8f-343737d9bee3,L2163,Christopher Mccarthy,59,California,60k-90k,Good,685,D,36,2023-10-20,0.178,16000,576.83,576.83,2023-10-01
50d00c23-5caf-4e74-8cc3-21a8192dbcfe,L2164,Megan Murray,31,Arizona,<30k,Very Good,765,A,36,2023-12-22,0.075,7000,217.74,217.74,2023-12-01
bb451289-8207-4b58-9ab1-f34325374b0a,L2165,Margaret Boyle,38,Vermont,<30k,Poor,424,G,36,2023-03-06,0.298,31500,1333.78,1333.78,2023-03-01
bcdc46eb-ab6d-4e74-bba6-47aee85ae9a8,L2166,Robert Cox,60,Vermont,30k-60k,Good,671,D,36,2023-06-18,0.178,14000,504.73,504.73,2023-06-01
15fd6f21-28f9-43c1-98b4-b42a69dc402d,L2167,Brandon Hicks,70,New York,60k-90k,Excellent,802,A,36,2024-08-27,0.075,18000,559.91,559.91,2024-08-01
a9336237-4b88-4221-93dd-3ea13a251d8d,L2168,Bailey Jimenez,81,Florida,60k-90k,Excellent,837,A,36,2023-04-18,0.075,12000,373.27,373.27,2023-04-01
bba8f48d-14e4-40df-9bee-cb6764583c41,L2169,Andre Watson,54,Alaska,90k+,Very Good,790,A,36,2023-12-21,0.075,4500,139.98,139.98,2023-12-01
af7331cc-f03f-4e19-9c89-40ad8e6ce94f,L2170,Daniel Lawrence,69,Nevada,30k-60k,Good,730,B,36,2024-04-06,0.105,27500,893.82,893.82,2024-04-01
8adb6e34-0f75-42b2-bf97-418e595bf79e,L2171,Carlos Ruiz,88,Vermont,90k+,Fair,668,D,36,2023-12-03,0.178,29000,1045.51,1045.51,2023-12-01
6dcdfe5a-fd02-4e83-9fe5-991ef279d585,L2172,Brenda Garrett,22,Florida,<30k,Good,689,D,36,2023-07-19,0.178,18000,648.94,648.94,2023-07-01
30aa612f-b422-4501-a18e-8371b40abe53,L2173,Nicholas Jordan,76,New Mexico,60k-90k,Good,717,C,36,2024-05-25,0.139,11000,375.42,375.42,2024-05-01
335c39fe-5a1e-476f-9485-033b292e0748,L2174,Jeffrey Thompson,29,Louisiana,60k-90k,Good,681,D,36,2024-06-15,0.178,7000,252.37,252.37,2024-06-01
335c39fe-5a1e-476f-9485-033b292e0748,L2175,Jeffrey Thompson,29,Louisiana,60k-90k,Good,681,D,36,2024-02-22,0.178,25000,901.3,901.3,2024-02-01
335c39fe-5a1e-476f-9485-033b292e0748,L2176,Jeffrey Thompson,29,Louisiana,60k-90k,Good,681,D,36,2024-06-13,0.178,12000,432.63,432.63,2024-06-01
6be14043-d256-4d91-8063-4fc28ede6c5c,L2177,Jonathan Campos,58,North Carolina,<30k,Very Good,755,B,36,2024-03-28,0.105,38000,1235.09,1235.09,2024-03-01
58e9965c-89d2-456f-a996-dd5eeab2465c,L2178,Elizabeth Turner,50,Arkansas,30k-60k,Very Good,750,B,36,2024-01-17,0.105,8500,276.27,276.27,2024-01-01
5cba8a40-4cc3-4fba-8309-62e5fc2230fc,L2179,Patricia May,59,Indiana,30k-60k,Good,733,B,36,2024-02-04,0.105,2000,65.0,65.0,2024-02-01
36bc066d-b84e-4d76-bb89-ca86173a8092,L2180,Alexis Jimenez,32,New Jersey,30k-60k,Good,681,D,36,2023-03-25,0.178,35500,1279.85,1279.85,2023-03-01
bd4c03fc-e299-4d35-9beb-baf2112c0ef9,L2181,Matthew Owen,69,Utah,<30k,Excellent,843,A,36,2023-03-13,0.075,29500,917.63,917.63,2023-03-01
f923970c-7322-47b0-b18a-790b8b6c2588,L2182,Renee Wagner,83,Minnesota,60k-90k,Excellent,839,A,36,2023-05-06,0.075,30500,948.74,948.74,2023-05-01
41ee780c-0b8b-4d65-9dfe-30caa7004979,L2183,Randy Ryan,18,Kentucky,60k-90k,Very Good,761,A,36,2024-07-16,0.075,33500,1042.06,1042.06,2024-07-01
58168c56-e2f4-4fc3-8b62-7fc676f1b177,L2184,David Powell,87,Rhode Island,30k-60k,Very Good,799,A,36,2023-01-29,0.075,9000,279.96,279.96,2023-01-01
58168c56-e2f4-4fc3-8b62-7fc676f1b177,L2185,David Powell,87,Rhode Island,30k-60k,Very Good,799,A,36,2024-05-21,0.075,15500,482.15,482.15,2024-05-01
6030a2e7-7875-48a5-984b-9df826582dc4,L2186,Daniel Robinson,77,Rhode Island,90k+,Very Good,788,A,36,2023-06-20,0.075,14500,451.04,451.04,2023-06-01
8dff6861-3e93-4fef-b3bb-1612bb265a4c,L2187,Laurie Houston,70,Tennessee,60k-90k,Very Good,780,A,36,2023-03-17,0.075,13500,419.93,419.93,2023-03-01
8dff6861-3e93-4fef-b3bb-1612bb265a4c,L2188,Laurie Houston,70,Tennessee,60k-90k,Very Good,780,A,36,2024-01-27,0.075,18500,575.47,575.47,2024-01-01
703e90fc-2394-409d-85e1-6a8212f59531,L2189,Tiffany Smith,24,Iowa,60k-90k,Fair,587,G,36,2024-02-26,0.298,20000,846.84,846.84,2024-02-01
703e90fc-2394-409d-85e1-6a8212f59531,L2190,Tiffany Smith,24,Iowa,60k-90k,Fair,587,G,36,2023-08-18,0.298,33500,1418.46,1418.46,2023-08-01
ab1c64bd-7f39-43bc-a589-040c45b58721,L2191,Juan Brown,42,New Hampshire,60k-90k,Excellent,803,A,36,2024-02-06,0.075,26000,808.76,808.76,2024-02-01
61a704d2-5b6d-4c35-8221-0b88eb4e28fc,L2192,Mr. Edward Anderson,84,Georgia,60k-90k,Poor,482,G,36,2023-04-17,0.298,9500,402.25,402.25,2023-04-01
1812abd9-c80f-46cf-aa46-6b4c85d2c2c4,L2193,Tabitha Matthews,64,Maryland,90k+,Very Good,781,A,36,2023-04-07,0.075,29500,917.63,917.63,2023-04-01
1812abd9-c80f-46cf-aa46-6b4c85d2c2c4,L2194,Tabitha Matthews,64,Maryland,90k+,Very Good,781,A,36,2024-04-30,0.075,14500,451.04,451.04,2024-04-01
d872bd59-0cd2-4245-91d9-78339c9d650f,L2195,Kirsten Smith,97,North Carolina,30k-60k,Very Good,749,B,36,2024-12-24,0.105,15000,487.54,487.54,2024-12-01
d9a29c96-b7c3-4a9a-a7be-a3e8f4140506,L2196,Lonnie Robinson,81,Maryland,30k-60k,Very Good,784,A,36,2023-07-01,0.075,19500,606.57,606.57,2023-07-01
c892a417-746f-498f-a7fb-3fb742ae44a8,L2197,Miranda Elliott,98,Oklahoma,90k+,Poor,574,G,36,2023-02-01,0.298,13500,571.62,571.62,2023-02-01
6595c202-a1a8-4709-aebd-89dc7a0ca435,L2198,Alyssa Schmidt,74,Idaho,30k-60k,Good,683,D,36,2023-07-10,0.178,28500,1027.49,1027.49,2023-07-01
0f592e05-f80c-4729-afdd-97bb47c3eaba,L2199,Jay Lewis,24,Iowa,60k-90k,Very Good,748,B,36,2023-10-26,0.105,13000,422.53,422.53,2023-10-01
ad25d9b5-0c4e-45bd-ab07-3baf73e21001,L2200,Barbara Baker,44,West Virginia,60k-90k,Good,732,B,36,2024-09-13,0.105,28000,910.07,910.07,2024-09-01
60077847-5951-48a2-864c-1bcb2f96c50a,L2201,Jo Russell,52,Colorado,60k-90k,Very Good,754,B,36,2024-05-30,0.105,10500,341.28,341.28,2024-05-01
a8aea581-7552-4bb9-a06a-cd75d258146f,L2202,Bonnie Blackwell,88,Mississippi,90k+,Good,710,C,36,2023-07-27,0.139,3000,102.39,102.39,2023-07-01
7962fa82-bea7-463e-a079-22612589ba36,L2203,Amy Murphy,34,Rhode Island,60k-90k,Good,714,C,36,2023-08-05,0.139,20000,682.58,682.58,2023-08-01
37e5cada-ab3c-4b39-a916-fc92e5a55a4c,L2204,Jonathan Sullivan,54,Montana,90k+,Excellent,828,A,36,2024-03-11,0.075,18000,559.91,559.91,2024-03-01
37e5cada-ab3c-4b39-a916-fc92e5a55a4c,L2205,Jonathan Sullivan,54,Montana,90k+,Excellent,828,A,36,2024-05-19,0.075,16500,513.25,513.25,2024-05-01
5e91966c-b53a-4336-9cd9-ef6b26800076,L2206,Lucas Snyder,74,Maine,30k-60k,Good,694,C,36,2023-01-01,0.139,30500,1040.94,1040.94,2023-01-01
5e91966c-b53a-4336-9cd9-ef6b26800076,L2207,Lucas Snyder,74,Maine,30k-60k,Good,694,C,36,2024-10-25,0.139,17500,597.26,597.26,2024-10-01
334e4e86-25e2-48aa-b3e9-02ba62fdf976,L2208,Pamela Lewis,80,New Jersey,30k-60k,Excellent,801,A,36,2024-03-06,0.075,25000,777.66,777.66,2024-03-01
ef1c7bd2-cb6b-4786-ac96-c93bc455d3c0,L2209,Michelle Klein,33,Maryland,90k+,Excellent,844,A,36,2023-10-31,0.075,39000,1213.14,1213.14,2023-10-01
005cdabe-e06e-4eeb-854f-aa6f59947b4e,L2210,Katelyn Morales,21,Delaware,30k-60k,Fair,628,F,36,2024-05-09,0.262,31000,1252.31,1252.31,2024-05-01
a29ac12e-dcaa-432e-ae28-cfedf1d1d808,L2211,John Avery,98,Minnesota,30k-60k,Good,715,C,36,2024-03-23,0.139,6500,221.84,221.84,2024-03-01
351f7b79-8730-4326-9de2-80157742b8c7,L2212,Jay Shepherd,95,Georgia,90k+,Poor,368,G,36,2023-02-28,0.298,1500,63.51,63.51,2023-02-01
69535ef6-c3da-4d52-b61c-4af2c09fab7f,L2213,James Miller,48,New Mexico,90k+,Good,702,C,36,2024-08-21,0.139,31500,1075.07,1075.07,2024-08-01
bbdfd58a-9264-4dc6-b00a-1a8e41436401,L2214,Rachel George,38,Illinois,90k+,Excellent,802,A,36,2024-12-19,0.075,9500,295.51,295.51,2024-12-01
2e9cce73-2464-4b5c-a172-66190ea2a773,L2215,Tanner Orozco,57,New Hampshire,60k-90k,Good,732,B,36,2024-02-10,0.105,22000,715.05,715.05,2024-02-01
24cb77ab-94b7-469f-a856-2ea0b80a965c,L2216,Victoria Holmes,88,Oregon,60k-90k,Excellent,845,A,36,2024-07-25,0.075,27000,839.87,839.87,2024-07-01
5fe2c5ea-d908-4bb9-b3bf-e87542397629,L2217,Gina Johnson,19,Florida,30k-60k,Good,726,B,36,2023-06-04,0.105,15000,487.54,487.54,2023-06-01
3a58f936-a442-41ec-b982-9dac0c753405,L2218,Joseph Noble,88,Oklahoma,30k-60k,Very Good,775,A,36,2024-01-10,0.075,26000,808.76,808.76,2024-01-01
baad3a54-d2c2-4533-8116-99f783761819,L2219,Michael Gregory,70,Washington,60k-90k,Very Good,758,B,36,2023-08-10,0.105,28500,926.32,926.32,2023-08-01
baad3a54-d2c2-4533-8116-99f783761819,L2220,Michael Gregory,70,Washington,60k-90k,Very Good,758,B,36,2024-01-28,0.105,18000,585.04,585.04,2024-01-01
2ce55216-dd6b-483a-9aec-ce201c8a3085,L2221,Stefanie Warren,29,West Virginia,90k+,Very Good,774,A,36,2023-12-21,0.075,6000,186.64,186.64,2023-12-01
a98d00e2-7d55-4459-b168-b9075a8d5640,L2222,Melvin Pearson,46,Missouri,60k-90k,Very Good,784,A,36,2024-02-20,0.075,7000,217.74,217.74,2024-02-01
b198002d-13de-4f22-8b81-457e3807a733,L2223,Nicole Meza,32,Rhode Island,30k-60k,Good,732,B,36,2024-02-25,0.105,37500,1218.84,1218.84,2024-02-01
60c78083-2cfc-41c9-b880-cf086c8dfb1c,L2224,Nicole Rodriguez,77,Tennessee,60k-90k,Very Good,752,B,36,2023-01-15,0.105,5000,162.51,162.51,2023-01-01
